structure,HADDOCK-score,Helix,Sheet,Turn,Coil,All
3J96_28w.pdb,-3781.11099,2637,1027,1978,755,6397
3J96_36w.pdb,-3781.11099,2637,1027,1978,755,6397
3J96_17w.pdb,-3781.11099,2637,1027,1978,755,6397
3J96_35w.pdb,-3781.11099,2637,1027,1978,755,6397
