structure,HADDOCK-score,Helix,Sheet,Turn,Coil,All
6ACG_41w.pdb,-1808.45335,846,956,1785,897,4484
6ACG_39w.pdb,-1808.45335,846,956,1785,897,4484
6ACG_47w.pdb,-1808.45335,846,956,1785,897,4484
6ACG_27w.pdb,-1808.45335,846,956,1785,897,4484
