structure,HADDOCK-score,Helix,Sheet,unordered
6ACG_41w.pdb,-1808.45335,20.8,14.0,65.2
6ACG_39w.pdb,-1808.45335,20.8,14.0,65.2
6ACG_47w.pdb,-1808.45335,20.8,14.0,65.2
6ACG_27w.pdb,-1808.45335,20.8,14.0,65.2
