structure,HADDOCK-score,Helix,Sheet,unordered
3J96_28w.pdb,-3673.31218,35.4,13.9,50.7
3J96_36w.pdb,-3673.31218,35.4,13.9,50.7
3J96_17w.pdb,-3673.31218,35.4,13.9,50.7
3J96_35w.pdb,-3673.31218,35.4,13.9,50.7
