structure,HADDOCK-score,Helix,Sheet,unordered
6AHF_6w.pdb,1042.24433,32.9,0.4,66.6
6AHF_39w.pdb,1042.24433,32.9,0.4,66.6
6AHF_40w.pdb,1042.24433,32.9,0.4,66.6
6AHF_9w.pdb,1042.24433,32.9,0.4,66.6
