structure,HADDOCK-score,clashscore,ramaoutliers,rotameroutliers,molprobety-score
6C06_18w.pdb,-2458.94875,24.64,7.35,21.54,3.69
6C06_34w.pdb,-2458.94875,24.64,7.35,21.54,3.69
6C06_28w.pdb,-2458.94875,24.64,7.35,21.54,3.69
6C06_29w.pdb,-2458.94875,24.64,7.35,21.54,3.69
