structure,HADDOCK-score,Helix,Sheet,unordered
6ENY_31w.pdb,-654.45018,15.5,28.5,56.0
6ENY_49w.pdb,-654.45018,15.5,28.5,56.0
6ENY_10w.pdb,-654.45018,15.5,28.5,56.0
6ENY_8w.pdb,-654.45018,15.5,28.5,56.0
