structure,HADDOCK-score,Helix,Sheet,Turn,Coil,All
6IRF_14w.pdb,-1546.31225,1108,584,1288,626,3606
6IRF_23w.pdb,-1546.31225,1108,584,1288,626,3606
6IRF_40w.pdb,-1546.31225,1108,584,1288,626,3606
6IRF_12w.pdb,-1546.31225,1108,584,1288,626,3606
