structure,ave_pi-score
3J96_39w.pdb,1.413
3J96_38w.pdb,1.41556
3J96_26w.pdb,1.32625
3J96_45w.pdb,1.28667
