structure,HADDOCK-score,Helix,Sheet,unordered
6ACG_10w.pdb,-1656.39184,26.6,16.4,57.0
6ACG_35w.pdb,-1630.11227,26.5,16.4,57.1
6ACG_28w.pdb,-1627.86681,26.6,16.7,56.7
6ACG_50w.pdb,-1607.66327,26.3,16.3,57.4
