structure,HADDOCK-score,Helix,Sheet,Turn,Coil,All
6N7G_39w.pdb,-1131.081653,2423,378,1504,630,4935
6N7G_32w.pdb,-1115.684156,2419,382,1494,644,4939
6N7G_31w.pdb,-1106.610692,2403,376,1533,635,4947
6N7G_13w.pdb,-1103.110855,2422,379,1489,637,4927
