structure,HADDOCK-score,Helix,Sheet,unordered
6UBY_8w.pdb,-1162.968037,41.1,14.3,44.6
6UBY_32w.pdb,-1088.220142,39.9,14.2,45.8
6UBY_37w.pdb,-1086.634263,39.8,15.6,44.5
6UBY_12w.pdb,-1084.280758,39.9,15.0,45.1
