structure,HADDOCK-score,correlation,atomic-clashes
6UBY_3w.pdb,-1382.876123,0.9562,1
6UBY_6w.pdb,-1382.876123,0.9562,1
6UBY_28w.pdb,-1382.876123,0.9562,1
6UBY_41w.pdb,-1382.876123,0.9562,1
