structure,HADDOCK-score,Helix,Sheet,Turn,Coil,All
6IRF_27w.pdb,-1407.3678,1265,626,1011,635,3537
6IRF_30w.pdb,-1407.1184,1265,626,1011,635,3537
6IRF_35w.pdb,-1407.05092,1265,626,1011,635,3537
6IRF_10w.pdb,-1382.12286,1267,612,1043,621,3543
