structure,HADDOCK-score,Helix,Sheet,unordered
3J96_16w.pdb,-4207.02587,48.6,14.3,37.1
3J96_41w.pdb,-4146.72863,48.2,14.0,37.8
3J96_31w.pdb,-4142.6543,48.7,13.8,37.4
3J96_36w.pdb,-4141.2115,47.9,14.0,38.1
