structure,HADDOCK-score,correlation,atomic-clashes
6UBY_28w.pdb,-1453.318101,0.9564,0
6UBY_10w.pdb,-1453.318101,0.9564,0
6UBY_48w.pdb,-1453.318101,0.9564,0
6UBY_16w.pdb,-1453.318101,0.9564,0
