structure,HADDOCK-score,correlation,atomic-clashes
5GRS_30w.pdb,-2367.064796,0.8835,0
5GRS_38w.pdb,-2358.082694,0.8879,0
5GRS_39w.pdb,-2343.974341,0.8819,0
5GRS_10w.pdb,-2332.799817,0.8813,0
