structure,HADDOCK-score,Helix,Sheet,unordered
5GRS_30w.pdb,-2367.064796,23.6,30.4,46.0
5GRS_38w.pdb,-2358.082694,23.3,31.8,44.9
5GRS_39w.pdb,-2343.974341,23.7,31.4,44.9
5GRS_10w.pdb,-2332.799817,23.4,31.1,45.5
