structure,HADDOCK-score,Helix,Sheet,Turn,Coil,All
5GRS_30w.pdb,-2367.064796,629,1034,817,417,2897
5GRS_38w.pdb,-2358.082694,638,1033,825,400,2896
5GRS_39w.pdb,-2343.974341,640,1050,799,410,2899
5GRS_10w.pdb,-2332.799817,614,1058,839,403,2914
