structure,HADDOCK-score,Helix,Sheet,Turn,Coil,All
5HNY_19w.pdb,-488.494013,487,262,396,182,1327
5HNY_40w.pdb,-482.848249,500,259,380,183,1322
5HNY_47w.pdb,-479.474185,490,260,400,181,1331
5HNY_4w.pdb,-474.086848,496,260,389,180,1325
