structure,HADDOCK-score,Helix,Sheet,unordered
5HNY_19w.pdb,-488.494013,40.1,17.5,42.4
5HNY_40w.pdb,-482.848249,40.6,17.3,42.0
5HNY_47w.pdb,-479.474185,40.6,17.7,41.7
5HNY_4w.pdb,-474.086848,41.4,17.6,41.0
