structure,HADDOCK-score,Helix,Sheet,unordered
6N7G_38w.pdb,-1131.832634,52.5,4.3,43.2
6N7G_11w.pdb,-1129.20115,52.8,4.4,42.8
6N7G_41w.pdb,-1128.36887,52.5,4.4,43.1
6N7G_35w.pdb,-1114.087937,52.6,4.4,43.0
