structure,HADDOCK-score,Helix,Sheet,Turn,Coil,All
6N7G_38w.pdb,-1131.832634,2438,371,1449,652,4910
6N7G_11w.pdb,-1129.20115,2426,375,1480,641,4922
6N7G_41w.pdb,-1128.36887,2437,381,1458,646,4922
6N7G_35w.pdb,-1114.087937,2426,373,1477,640,4916
