structure,HADDOCK-score,Helix,Sheet,Turn,Coil,All
6UBY_3w.pdb,-1382.876123,1212,650,983,402,3247
6UBY_6w.pdb,-1382.876123,1212,650,983,402,3247
6UBY_28w.pdb,-1382.876123,1212,650,983,402,3247
6UBY_41w.pdb,-1382.876123,1212,650,983,402,3247
