structure,HADDOCK-score,clashscore,ramaoutliers,rotameroutliers,molprobety-score
3J95_3w.pdb,-1557.71006,7.88,1.83,9.99,2.69
3J95_21w.pdb,-1550.80597,8.25,1.62,9.26,2.69
3J95_26w.pdb,-1547.19637,8.10,1.59,9.18,2.69
3J95_30w.pdb,-1537.47119,8.10,1.69,9.99,2.71
