structure,HADDOCK-score,correlation,atomic-clashes
3J96_10w.pdb,-3700.55387,0.9325,2
3J96_11w.pdb,-3700.55387,0.9325,2
3J96_12w.pdb,-3700.55387,0.9325,2
3J96_13w.pdb,-3700.55387,0.9325,2
