structure,HADDOCK-score,Helix,Sheet,unordered
3J96_28w.pdb,-3700.55387,48.7,14.0,37.3
3J96_36w.pdb,-3700.55387,48.7,14.0,37.3
3J96_17w.pdb,-3700.55387,48.7,14.0,37.3
3J96_35w.pdb,-3700.55387,48.7,14.0,37.3
