structure,HADDOCK-score,Helix,Sheet,Turn,Coil,All
5GRS_8w.pdb,-2452.961619,627,1086,818,396,2927
5GRS_37w.pdb,-2451.017666,625,1090,793,411,2919
5GRS_43w.pdb,-2449.025686,633,1079,800,411,2923
5GRS_38w.pdb,-2448.780196,634,1076,817,389,2916
