structure,HADDOCK-score,correlation,atomic-clashes
5GRS_10w.pdb,-2399.393998,0.8891,0
5GRS_11w.pdb,-2429.421995,0.8891,0
5GRS_12w.pdb,-2419.981366,0.8886,0
5GRS_13w.pdb,-2346.290286,0.8898,0
