structure,HADDOCK-score,correlation,atomic-clashes
5WCB_10w.pdb,-1136.311017,0.8916,0
5WCB_11w.pdb,-1092.372752,0.8924,0
5WCB_12w.pdb,-1080.78882,0.8921,0
5WCB_13w.pdb,-1121.59739,0.8918,0
