structure,HADDOCK-score,correlation,atomic-clashes
6AHF_10w.pdb,1202.05745,0.8946,21
6AHF_11w.pdb,1202.05745,0.8946,21
6AHF_12w.pdb,1202.05745,0.8946,21
6AHF_13w.pdb,1202.05745,0.8946,21
