structure,HADDOCK-score,Helix,Sheet,unordered
6C06_25w.pdb,-2719.9548733,34.6,12.7,52.7
6C06_36w.pdb,-2669.0047156,34.2,11.7,54.1
6C06_31w.pdb,-2658.322238,33.9,12.6,53.5
6C06_6w.pdb,-2657.8149747,34.8,12.6,52.5
