structure,HADDOCK-score,correlation,atomic-clashes
6C06_10w.pdb,-2373.5172824,0.8977,1
6C06_11w.pdb,-2373.5172824,0.8977,1
6C06_12w.pdb,-2619.5261886,0.8801,0
6C06_13w.pdb,-2373.5172824,0.8977,1
