structure,HADDOCK-score,Helix,Sheet,unordered
6ENY_2w.pdb,-814.676855,18.3,24.0,57.7
6ENY_3w.pdb,-811.067232,18.7,25.0,56.4
6ENY_25w.pdb,-805.584378,17.6,25.1,57.3
6ENY_29w.pdb,-805.334219,17.6,25.8,56.6
