structure,HADDOCK-score,Helix,Sheet,Turn,Coil,All
6IRF_50w.pdb,-1466.72258,1277,656,1006,601,3540
6IRF_7w.pdb,-1458.30805,1265,661,976,634,3536
6IRF_38w.pdb,-1458.29653,1289,659,994,609,3551
6IRF_28w.pdb,-1450.83622,1256,655,988,635,3534
