structure,HADDOCK-score,Helix,Sheet,Turn,Coil,All
6UBY_16w.pdb,-1546.426334,1189,636,985,441,3251
6UBY_38w.pdb,-1545.693778,1213,636,971,426,3246
6UBY_28w.pdb,-1544.429329,1195,631,1001,424,3251
6UBY_34w.pdb,-1533.084001,1209,641,948,433,3231
