structure,HADDOCK-score,Helix,Sheet,unordered
6UBY_15w.pdb,-1193.712121,40.5,15.6,43.9
6UBY_29w.pdb,-1185.078449,39.6,15.2,45.2
6UBY_19w.pdb,-1184.3203029,39.7,15.4,44.9
6UBY_48w.pdb,-1183.386383,40.5,15.6,43.9
