structure,HADDOCK-score,correlation,atomic-clashes
3J96_10w.pdb,-3781.11099,0.9324,3
3J96_11w.pdb,-3781.11099,0.9324,3
3J96_12w.pdb,-3781.11099,0.9324,3
3J96_13w.pdb,-3781.11099,0.9324,3
