structure,HADDOCK-score,Helix,Sheet,unordered
3J96_28w.pdb,-3781.11099,43.2,14.1,42.6
3J96_36w.pdb,-3781.11099,43.2,14.1,42.6
3J96_17w.pdb,-3781.11099,43.2,14.1,42.6
3J96_35w.pdb,-3781.11099,43.2,14.1,42.6
