structure,HADDOCK-score,correlation,atomic-clashes
6AHF_10w.pdb,996.15213,0.8911,20
6AHF_11w.pdb,996.15213,0.8911,20
6AHF_12w.pdb,996.15213,0.8911,20
6AHF_13w.pdb,996.15213,0.8911,20
