structure,HADDOCK-score,Helix,Sheet,Turn,Coil,All
6AHF_6w.pdb,996.15213,1908,96,2251,885,5140
6AHF_39w.pdb,996.15213,1908,96,2251,885,5140
6AHF_40w.pdb,996.15213,1908,96,2251,885,5140
6AHF_9w.pdb,996.15213,1908,96,2251,885,5140
