structure,HADDOCK-score,correlation,atomic-clashes
6C06_10w.pdb,-2417.101043,0.8954,4
6C06_11w.pdb,-2417.101043,0.8954,4
6C06_12w.pdb,-2626.2350603,0.8785,0
6C06_13w.pdb,-2417.101043,0.8954,4
