structure,HADDOCK-score,Helix,Sheet,unordered
6ENY_31w.pdb,-753.97437,17.3,28.2,54.4
6ENY_49w.pdb,-753.97437,17.3,28.2,54.4
6ENY_10w.pdb,-753.97437,17.3,28.2,54.4
6ENY_8w.pdb,-753.97437,17.3,28.2,54.4
