structure,HADDOCK-score,Helix,Sheet,unordered
6IRF_24w.pdb,-1678.46528,35.3,13.7,50.9
6IRF_25w.pdb,-1615.3079,36.1,14.1,49.9
6IRF_28w.pdb,-1613.56197,35.7,13.4,51.0
6IRF_30w.pdb,-1612.67363,36.4,12.9,50.7
