structure,HADDOCK-score,Helix,Sheet,unordered
6UBY_44w.pdb,-1247.394741,39.9,15.1,45.0
6UBY_2w.pdb,-1236.653915,39.6,15.0,45.4
6UBY_3w.pdb,-1224.322404,41.0,14.6,44.4
6UBY_30w.pdb,-1218.718031,38.1,14.8,47.1
