structure,HADDOCK-score,Helix,Sheet,Turn,Coil,All
6UBY_29w.pdb,-1572.690944,1066,599,1201,428,3294
6UBY_17w.pdb,-1566.990855,1073,610,1191,415,3289
6UBY_50w.pdb,-1556.580822,1069,621,1173,414,3277
6UBY_9w.pdb,-1555.41209,1097,618,1145,417,3277
