structure,HADDOCK-score,correlation,atomic-clashes
6UBY_29w.pdb,-1572.690944,0.9461,0
6UBY_17w.pdb,-1566.990855,0.9462,0
6UBY_50w.pdb,-1556.580822,0.9465,0
6UBY_9w.pdb,-1555.41209,0.9464,0
