structure,HADDOCK-score,correlation,atomic-clashes
6N7G_38w.pdb,-1131.832634,0.915,0
6N7G_11w.pdb,-1129.20115,0.9137,0
6N7G_41w.pdb,-1128.36887,0.9149,0
6N7G_35w.pdb,-1114.087937,0.9135,0
