structure,HADDOCK-score,correlation,atomic-clashes
5HNY_10w.pdb,-529.776401,0.9246,2
5HNY_11w.pdb,-520.283837,0.9246,2
5HNY_12w.pdb,-508.103122,0.9248,1
5HNY_13w.pdb,-525.250831,0.9253,1
5HNY_14w.pdb,-522.544575,0.9249,1
5HNY_15w.pdb,-519.174407,0.9258,2
5HNY_16w.pdb,-501.56563,0.9256,2
5HNY_17w.pdb,-539.21296,0.9256,2
5HNY_18w.pdb,-521.30686,0.9244,2
5HNY_19w.pdb,-495.031968,0.9252,1
5HNY_1w.pdb,-552.325853,0.9243,1
5HNY_20w.pdb,-512.141415,0.9249,2
5HNY_21w.pdb,-528.369297,0.9239,1
5HNY_22w.pdb,-477.130895,0.9249,2
5HNY_23w.pdb,-511.276005,0.9256,2
5HNY_24w.pdb,-521.965643,0.9242,2
5HNY_25w.pdb,-516.005658,0.9248,2
5HNY_26w.pdb,-533.843229,0.9236,2
5HNY_27w.pdb,-522.626411,0.9253,2
5HNY_28w.pdb,-508.919766,0.9259,2
5HNY_29w.pdb,-524.320385,0.9235,2
5HNY_2w.pdb,-515.793772,0.9255,2
5HNY_30w.pdb,-511.767741,0.9258,3
5HNY_31w.pdb,-516.780934,0.9264,3
5HNY_32w.pdb,-486.538933,0.925,3
5HNY_33w.pdb,-497.005726,0.9251,2
5HNY_34w.pdb,-530.927708,0.9258,2
5HNY_35w.pdb,-504.242179,0.9248,3
5HNY_36w.pdb,-513.302518,0.9241,2
5HNY_37w.pdb,-528.397194,0.9256,2
5HNY_38w.pdb,-525.567197,0.9258,2
5HNY_39w.pdb,-525.74933,0.9243,1
5HNY_3w.pdb,-484.136142,0.9235,3
5HNY_40w.pdb,-463.409554,0.9248,2
5HNY_41w.pdb,-541.342182,0.9251,1
5HNY_42w.pdb,-483.082725,0.924,2
5HNY_43w.pdb,-506.168649,0.9248,2
5HNY_44w.pdb,-490.51613,0.9255,2
5HNY_45w.pdb,-543.870295,0.9262,1
5HNY_46w.pdb,-469.135516,0.9242,2
5HNY_47w.pdb,-576.207607,0.9246,2
5HNY_48w.pdb,-494.738882,0.9235,2
5HNY_49w.pdb,-528.091949,0.9244,2
5HNY_4w.pdb,-496.692754,0.9255,2
5HNY_50w.pdb,-516.299658,0.9251,2
5HNY_5w.pdb,-502.960607,0.9256,1
5HNY_6w.pdb,-512.873943,0.9261,2
5HNY_7w.pdb,-523.993016,0.9241,1
5HNY_8w.pdb,-535.174999,0.925,2
5HNY_9w.pdb,-510.445311,0.9253,2
