structure,HADDOCK-score,correlation,atomic-clashes
5GRS_15w.pdb,-2337.7482009,0.8804,1
5GRS_20w.pdb,-2327.55006441,0.881,2
5GRS_3w.pdb,-2300.9512033,0.8843,0
5GRS_30w.pdb,-2298.315,0.8825,0
