structure,HADDOCK-score,correlation,atomic-clashes
6N7G_39w.pdb,-1172.36316,0.9117,0
6N7G_1w.pdb,-1128.54087,0.9112,0
6N7G_37w.pdb,-1124.76136,0.9087,1
6N7G_38w.pdb,-1121.81488,0.9126,0
