structure,HADDOCK-score,correlation,atomic-clashes
6UC0_31w.pdb,-1363.4426561,0.9295,0
6UC0_17w.pdb,-1361.1584614,0.9349,0
6UC0_49w.pdb,-1357.448667,0.9279,0
6UC0_18w.pdb,-1348.3308378,0.9333,0
