structure,HADDOCK-score,Helix,Sheet,unordered
3J95_3w.pdb,-1557.71006,48.2,10.2,41.6
3J95_21w.pdb,-1550.80597,48.6,10.4,41.1
3J95_26w.pdb,-1547.19637,47.6,10.3,42.1
3J95_30w.pdb,-1537.47119,48.1,10.5,41.3
