structure,HADDOCK-score,clashscore,ramaoutliers,rotameroutliers,molprobety-score
3J96_28w.pdb,-3700.55387,12.55,1.70,13.35,3.00
3J96_36w.pdb,-3700.55387,12.55,1.70,13.35,3.00
3J96_17w.pdb,-3700.55387,12.55,1.70,13.35,3.00
3J96_35w.pdb,-3700.55387,12.55,1.70,13.35,3.00
