structure,HADDOCK-score,Helix,Sheet,unordered
5GRS_8w.pdb,-2452.961619,22.9,31.4,45.6
5GRS_37w.pdb,-2451.017666,22.4,31.6,45.9
5GRS_43w.pdb,-2449.025686,23.8,30.9,45.3
5GRS_38w.pdb,-2448.780196,23.3,32.9,43.8
