structure,HADDOCK-score,Helix,Sheet,unordered
5WCB_30w.pdb,-1186.88926,44.8,8.1,47.1
5WCB_21w.pdb,-1144.8524,43.0,7.9,49.0
5WCB_24w.pdb,-1139.102208,44.1,7.4,48.5
5WCB_46w.pdb,-1138.29554,43.4,8.1,48.5
