structure,HADDOCK-score,Helix,Sheet,unordered
6AHF_6w.pdb,1202.05745,40.2,0.4,59.4
6AHF_39w.pdb,1202.05745,40.2,0.4,59.4
6AHF_40w.pdb,1202.05745,40.2,0.4,59.4
6AHF_9w.pdb,1202.05745,40.2,0.4,59.4
