structure,HADDOCK-score,correlation,atomic-clashes
3J96_39w.pdb,-3571.29129,0.9232,0
3J96_38w.pdb,-3556.8377,0.9271,0
3J96_26w.pdb,-3520.83743,0.9256,2
3J96_45w.pdb,-3446.14763,0.9241,0
