structure,HADDOCK-score,Helix,Sheet,unordered
5HNY_50w.pdb,-446.861009,40.2,17.8,42.0
5HNY_30w.pdb,-434.79526,40.6,17.3,42.0
5HNY_27w.pdb,-434.016951,40.9,17.0,42.1
5HNY_1w.pdb,-430.045492,39.4,17.3,43.3
