structure,HADDOCK-score,Helix,Sheet,Turn,Coil,All
5HNY_50w.pdb,-446.861009,500,263,374,186,1323
5HNY_30w.pdb,-434.79526,486,260,390,192,1328
5HNY_27w.pdb,-434.016951,494,267,378,187,1326
5HNY_1w.pdb,-430.045492,492,269,399,174,1334
