structure,HADDOCK-score,Helix,Sheet,unordered
6IRF_32w.pdb,-1335.43906,37.3,12.7,50.0
6IRF_28w.pdb,-1320.37397,37.3,12.4,50.3
6IRF_39w.pdb,-1315.47776,37.5,12.7,49.8
6IRF_43w.pdb,-1310.87053,37.6,11.9,50.5
