structure,HADDOCK-score,Helix,Sheet,Turn,Coil,All
3J96_16w.pdb,-4207.02587,2926,1017,1476,781,6200
3J96_41w.pdb,-4146.72863,2911,1029,1478,788,6206
3J96_31w.pdb,-4142.6543,2909,1025,1500,780,6214
3J96_36w.pdb,-4141.2115,2927,1030,1467,781,6205
