structure,ave_pi-score
3J96_16w.pdb,1.02083
3J96_41w.pdb,1.31333
3J96_31w.pdb,1.20545
3J96_36w.pdb,1.21
