structure,HADDOCK-score,correlation,atomic-clashes
3J96_16w.pdb,-4207.02587,0.911,1
3J96_41w.pdb,-4146.72863,0.9111,1
3J96_31w.pdb,-4142.6543,0.9072,1
3J96_36w.pdb,-4141.2115,0.9097,2
