structure,HADDOCK-score,Helix,Sheet,unordered
5GRS_15w.pdb,-2603.016731,23.6,30.7,45.7
5GRS_40w.pdb,-2597.789876,23.9,30.7,45.5
5GRS_37w.pdb,-2597.49697,23.7,31.2,45.1
5GRS_12w.pdb,-2579.62141,23.5,31.0,45.6
