structure,HADDOCK-score,Helix,Sheet,Turn,Coil,All
5GRS_15w.pdb,-2603.016731,629,1026,837,401,2893
5GRS_40w.pdb,-2597.789876,624,1011,857,414,2906
5GRS_37w.pdb,-2597.49697,625,1049,850,389,2913
5GRS_12w.pdb,-2579.62141,633,1018,847,402,2900
