structure,HADDOCK-score,Helix,Sheet,unordered
5HNY_43w.pdb,-478.454,40.5,17.5,42.0
5HNY_35w.pdb,-469.74881,40.6,17.5,41.9
5HNY_50w.pdb,-467.839519,40.6,17.5,41.9
5HNY_39w.pdb,-466.888164,40.4,17.4,42.2
