structure,HADDOCK-score,Helix,Sheet,unordered
5WCB_28w.pdb,-1191.67732,44.5,4.5,51.0
5WCB_50w.pdb,-1170.19281,45.4,4.2,50.4
5WCB_20w.pdb,-1150.00486,44.9,3.7,51.3
5WCB_10w.pdb,-1143.61659,45.7,3.7,50.5
