structure,HADDOCK-score,Helix,Sheet,Turn,Coil,All
6ACG_46w.pdb,-1685.98519,1061,996,1474,809,4340
6ACG_7w.pdb,-1677.62092,1057,973,1470,838,4338
6ACG_23w.pdb,-1656.18218,1059,1005,1485,799,4348
6ACG_45w.pdb,-1656.00963,1071,993,1445,830,4339
