structure,HADDOCK-score,Helix,Sheet,unordered
6N7G_35w.pdb,-1204.928499,52.6,4.5,42.9
6N7G_13w.pdb,-1163.4569,52.6,4.6,42.8
6N7G_22w.pdb,-1143.793262,52.3,4.2,43.4
6N7G_9w.pdb,-1142.60589,52.6,4.1,43.2
