structure,HADDOCK-score,Helix,Sheet,Turn,Coil,All
6N7G_35w.pdb,-1204.928499,2425,372,1507,628,4932
6N7G_13w.pdb,-1163.4569,2423,384,1483,642,4932
6N7G_22w.pdb,-1143.793262,2421,387,1511,623,4942
6N7G_9w.pdb,-1142.60589,2409,368,1544,628,4949
