structure,HADDOCK-score,Helix,Sheet,Turn,Coil,All
6N8Z_3w.pdb,-2549.6511,2246,490,1297,629,4662
6N8Z_37w.pdb,-2545.70768,2248,499,1302,616,4665
6N8Z_23w.pdb,-2541.44697,2236,500,1329,617,4682
6N8Z_30w.pdb,-2537.0277,2251,497,1298,619,4665
