structure,HADDOCK-score,Helix,Sheet,unordered
6N8Z_3w.pdb,-2549.6511,49.1,8.2,42.7
6N8Z_37w.pdb,-2545.70768,48.9,8.2,42.8
6N8Z_23w.pdb,-2541.44697,49.2,8.2,42.6
6N8Z_30w.pdb,-2537.0277,49.0,8.3,42.7
