structure,HADDOCK-score,Helix,Sheet,Turn,Coil,All
6UBY_28w.pdb,-1453.318101,1211,654,985,399,3249
6UBY_10w.pdb,-1453.318101,1211,654,985,399,3249
6UBY_48w.pdb,-1453.318101,1211,654,985,399,3249
6UBY_16w.pdb,-1453.318101,1211,654,985,399,3249
