structure,HADDOCK-score,clashscore,ramaoutliers,rotameroutliers,molprobety-score
6UBY_28w.pdb,-1453.318101,11.87,0.74,11.79,2.81
6UBY_10w.pdb,-1453.318101,11.87,0.74,11.79,2.81
6UBY_48w.pdb,-1453.318101,11.87,0.74,11.79,2.81
6UBY_16w.pdb,-1453.318101,11.87,0.74,11.79,2.81
