structure,HADDOCK-score,clashscore,ramaoutliers,rotameroutliers,molprobety-score
3J96_28w.pdb,-3781.11099,15.29,2.84,16.86,3.25
3J96_36w.pdb,-3781.11099,15.29,2.84,16.86,3.25
3J96_17w.pdb,-3781.11099,15.29,2.84,16.86,3.25
3J96_35w.pdb,-3781.11099,15.29,2.84,16.86,3.25
