structure,HADDOCK-score,correlation,atomic-clashes
3J96_10w.pdb,-3673.31218,0.9348,0
3J96_11w.pdb,-3673.31218,0.9348,0
3J96_12w.pdb,-3673.31218,0.9348,0
3J96_13w.pdb,-3673.31218,0.9348,0
