structure,HADDOCK-score,clashscore,ramaoutliers,rotameroutliers,molprobety-score
3J96_28w.pdb,-3673.31218,11.58,3.20,10.61,2.96
3J96_36w.pdb,-3673.31218,11.58,3.20,10.61,2.96
3J96_17w.pdb,-3673.31218,11.58,3.20,10.61,2.96
3J96_35w.pdb,-3673.31218,11.58,3.20,10.61,2.96
