structure,ave_pi-score
3J96_28w.pdb,1.39222
3J96_36w.pdb,1.39222
3J96_17w.pdb,1.39222
3J96_35w.pdb,1.39222
