structure,HADDOCK-score,Helix,Sheet,Turn,Coil,All
6ACG_41w.pdb,-1783.58755,698,854,2013,976,4541
6ACG_39w.pdb,-1783.58755,698,854,2013,976,4541
6ACG_47w.pdb,-1783.58755,698,854,2013,976,4541
6ACG_27w.pdb,-1783.58755,698,854,2013,976,4541
