structure,HADDOCK-score,correlation,atomic-clashes
6AHF_10w.pdb,1042.24433,0.8922,20
6AHF_11w.pdb,1042.24433,0.8922,20
6AHF_12w.pdb,1042.24433,0.8922,20
6AHF_13w.pdb,1042.24433,0.8922,20
