structure,HADDOCK-score,correlation,atomic-clashes
6C06_10w.pdb,-2458.94875,0.8961,0
6C06_11w.pdb,-2458.94875,0.8961,0
6C06_12w.pdb,-2458.94875,0.8961,0
6C06_13w.pdb,-2458.94875,0.8961,0
