structure,HADDOCK-score,Helix,Sheet,unordered
6IRF_14w.pdb,-1546.31225,30.4,10.5,59.1
6IRF_23w.pdb,-1546.31225,30.4,10.5,59.1
6IRF_40w.pdb,-1546.31225,30.4,10.5,59.1
6IRF_12w.pdb,-1546.31225,30.4,10.5,59.1
