structure,HADDOCK-score,Helix,Sheet,unordered
6N7G_1w.pdb,-575.88335,49.8,4.3,45.9
6N7G_7w.pdb,-575.88335,49.8,4.3,45.9
6N7G_20w.pdb,-575.88335,49.8,4.3,45.9
6N7G_10w.pdb,-575.88335,49.8,4.3,45.9
