structure,HADDOCK-score,correlation,atomic-clashes
6N7G_10w.pdb,-575.88335,0.9292,0
6N7G_11w.pdb,-575.88335,0.9292,0
6N7G_12w.pdb,-575.88335,0.9292,0
6N7G_13w.pdb,-575.88335,0.9292,0
