structure,HADDOCK-score,Helix,Sheet,Turn,Coil,All
6N7G_1w.pdb,-575.88335,1197,187,744,341,2469
6N7G_7w.pdb,-575.88335,1197,187,744,341,2469
6N7G_20w.pdb,-575.88335,1197,187,744,341,2469
6N7G_10w.pdb,-575.88335,1197,187,744,341,2469
