structure,HADDOCK-score,Helix,Sheet,unordered
6UBY_3w.pdb,-1132.326095,25.3,13.6,61.1
6UBY_6w.pdb,-1132.326095,25.3,13.6,61.1
6UBY_28w.pdb,-1132.326095,25.3,13.6,61.1
6UBY_41w.pdb,-1132.326095,25.3,13.6,61.1
