structure,HADDOCK-score,Helix,Sheet,Turn,Coil,All
6UBY_11w.pdb,-1393.237264,812,591,1618,416,3437
6UBY_12w.pdb,-1392.92439,805,593,1631,417,3446
6UBY_30w.pdb,-1388.9608,803,582,1613,435,3433
6UBY_27w.pdb,-1386.475433,822,591,1612,415,3440
