structure,HADDOCK-score,Helix,Sheet,unordered
6IRF_39w.pdb,-1469.545,36.9,12.5,50.6
6IRF_48w.pdb,-1457.97305,37.3,12.3,50.5
6IRF_8w.pdb,-1423.83159,36.7,12.2,51.1
6IRF_29w.pdb,-1392.158,37.3,12.3,50.4
