structure,HADDOCK-score,Helix,Sheet,Turn,Coil,All
6IRF_39w.pdb,-1469.545,1270,621,1017,633,3541
6IRF_48w.pdb,-1457.97305,1271,613,1031,619,3534
6IRF_8w.pdb,-1423.83159,1259,603,1045,629,3536
6IRF_29w.pdb,-1392.158,1286,620,990,627,3523
