structure,HADDOCK-score,Helix,Sheet,unordered
6UBY_28w.pdb,-1164.310863,39.6,15.3,45.0
6UBY_25w.pdb,-1134.552912,40.0,15.2,44.8
6UBY_21w.pdb,-1097.798622,39.8,15.4,44.8
6UBY_24w.pdb,-1050.61357,40.2,15.2,44.6
