structure,HADDOCK-score,correlation,atomic-clashes
3J96_10w.pdb,-3781.11099,0.9324,3
3J96_11w.pdb,-3781.11099,0.9324,3
3J96_12w.pdb,-3781.11099,0.9324,3
3J96_13w.pdb,-3781.11099,0.9324,3
3J96_14w.pdb,-3781.11099,0.9324,3
3J96_15w.pdb,-3781.11099,0.9324,3
3J96_16w.pdb,-3781.11099,0.9324,3
3J96_17w.pdb,-3781.11099,0.9324,3
3J96_18w.pdb,-3781.11099,0.9324,3
3J96_19w.pdb,-3781.11099,0.9324,3
3J96_1w.pdb,-3781.11099,0.9324,3
3J96_20w.pdb,-3781.11099,0.9324,3
3J96_21w.pdb,-3781.11099,0.9324,3
3J96_22w.pdb,-3781.11099,0.9324,3
3J96_23w.pdb,-3781.11099,0.9324,3
3J96_24w.pdb,-3781.11099,0.9324,3
3J96_25w.pdb,-3781.11099,0.9324,3
3J96_26w.pdb,-3781.11099,0.9324,3
3J96_27w.pdb,-3781.11099,0.9324,3
3J96_28w.pdb,-3781.11099,0.9324,3
3J96_29w.pdb,-3781.11099,0.9324,3
3J96_2w.pdb,-3781.11099,0.9324,3
3J96_30w.pdb,-3781.11099,0.9324,3
3J96_31w.pdb,-3781.11099,0.9324,3
3J96_32w.pdb,-3781.11099,0.9324,3
3J96_33w.pdb,-3781.11099,0.9324,3
3J96_34w.pdb,-3781.11099,0.9324,3
3J96_35w.pdb,-3781.11099,0.9324,3
3J96_36w.pdb,-3781.11099,0.9324,3
3J96_37w.pdb,-3781.11099,0.9324,3
3J96_38w.pdb,-3781.11099,0.9324,3
3J96_39w.pdb,-3781.11099,0.9324,3
3J96_3w.pdb,-3781.11099,0.9324,3
3J96_40w.pdb,-3781.11099,0.9324,3
3J96_41w.pdb,-3781.11099,0.9324,3
3J96_42w.pdb,-3781.11099,0.9324,3
3J96_43w.pdb,-3781.11099,0.9324,3
3J96_44w.pdb,-3781.11099,0.9324,3
3J96_45w.pdb,-3781.11099,0.9324,3
3J96_46w.pdb,-3781.11099,0.9324,3
3J96_47w.pdb,-3781.11099,0.9324,3
3J96_48w.pdb,-3781.11099,0.9324,3
3J96_49w.pdb,-3781.11099,0.9324,3
3J96_4w.pdb,-3781.11099,0.9324,3
3J96_50w.pdb,-3781.11099,0.9324,3
3J96_5w.pdb,-3781.11099,0.9324,3
3J96_6w.pdb,-3781.11099,0.9324,3
3J96_7w.pdb,-3781.11099,0.9324,3
3J96_8w.pdb,-3781.11099,0.9324,3
3J96_9w.pdb,-3781.11099,0.9324,3
