structure,HADDOCK-score,correlation,atomic-clashes
5WCB_10w.pdb,-1068.74689,0.9098,0
5WCB_11w.pdb,-1068.74689,0.9098,0
5WCB_12w.pdb,-1068.74689,0.9098,0
5WCB_13w.pdb,-1068.74689,0.9098,0
5WCB_14w.pdb,-1068.74689,0.9098,0
5WCB_15w.pdb,-1068.74689,0.9098,0
5WCB_16w.pdb,-1068.74689,0.9098,0
5WCB_17w.pdb,-1068.74689,0.9098,0
5WCB_18w.pdb,-1068.74689,0.9098,0
5WCB_19w.pdb,-1068.74689,0.9098,0
5WCB_1w.pdb,-1068.74689,0.9098,0
5WCB_20w.pdb,-1068.74689,0.9098,0
5WCB_21w.pdb,-1068.74689,0.9098,0
5WCB_22w.pdb,-1068.74689,0.9098,0
5WCB_23w.pdb,-1068.74689,0.9098,0
5WCB_24w.pdb,-1068.74689,0.9098,0
5WCB_25w.pdb,-1068.74689,0.9098,0
5WCB_26w.pdb,-1068.74689,0.9098,0
5WCB_27w.pdb,-1068.74689,0.9098,0
5WCB_28w.pdb,-1068.74689,0.9098,0
5WCB_29w.pdb,-1068.74689,0.9098,0
5WCB_2w.pdb,-1068.74689,0.9098,0
5WCB_30w.pdb,-1068.74689,0.9098,0
5WCB_31w.pdb,-1068.74689,0.9098,0
5WCB_32w.pdb,-1068.74689,0.9098,0
5WCB_33w.pdb,-1068.74689,0.9098,0
5WCB_34w.pdb,-1068.74689,0.9098,0
5WCB_35w.pdb,-1068.74689,0.9098,0
5WCB_36w.pdb,-1068.74689,0.9098,0
5WCB_37w.pdb,-1068.74689,0.9098,0
5WCB_38w.pdb,-1068.74689,0.9098,0
5WCB_39w.pdb,-1068.74689,0.9098,0
5WCB_3w.pdb,-1068.74689,0.9098,0
5WCB_40w.pdb,-1068.74689,0.9098,0
5WCB_41w.pdb,-1068.74689,0.9098,0
5WCB_42w.pdb,-1068.74689,0.9098,0
5WCB_43w.pdb,-1068.74689,0.9098,0
5WCB_44w.pdb,-1068.74689,0.9098,0
5WCB_45w.pdb,-1068.74689,0.9098,0
5WCB_46w.pdb,-1068.74689,0.9098,0
5WCB_47w.pdb,-1068.74689,0.9098,0
5WCB_48w.pdb,-1068.74689,0.9098,0
5WCB_49w.pdb,-1068.74689,0.9098,0
5WCB_4w.pdb,-1068.74689,0.9098,0
5WCB_50w.pdb,-1068.74689,0.9098,0
5WCB_5w.pdb,-1068.74689,0.9098,0
5WCB_6w.pdb,-1068.74689,0.9098,0
5WCB_7w.pdb,-1068.74689,0.9098,0
5WCB_8w.pdb,-1068.74689,0.9098,0
5WCB_9w.pdb,-1068.74689,0.9098,0
