structure,HADDOCK-score,correlation,atomic-clashes
5GRS_26w.pdb,-2405.625977,0.8853,0
5GRS_28w.pdb,-2381.716683,0.8843,0
5GRS_25w.pdb,-2343.398033,0.8828,0
5GRS_39w.pdb,-2330.115443,0.8801,1
