structure,HADDOCK-score,correlation,atomic-clashes
6N7G_39w.pdb,-1131.081653,0.9111,0
6N7G_32w.pdb,-1115.684156,0.9168,0
6N7G_31w.pdb,-1106.610692,0.9133,0
6N7G_13w.pdb,-1103.110855,0.9144,0
