structure,HADDOCK-score,Helix,Sheet,Turn,Coil,All
5WCB_5w.pdb,-1068.74689,835,151,580,338,1904
5WCB_22w.pdb,-1068.74689,835,151,580,338,1904
5WCB_50w.pdb,-1068.74689,835,151,580,338,1904
5WCB_46w.pdb,-1068.74689,835,151,580,338,1904
