structure,HADDOCK-score,Helix,Sheet,unordered
5WCB_5w.pdb,-1068.74689,44.2,5.0,50.8
5WCB_22w.pdb,-1068.74689,44.2,5.0,50.8
5WCB_50w.pdb,-1068.74689,44.2,5.0,50.8
5WCB_46w.pdb,-1068.74689,44.2,5.0,50.8
