structure,HADDOCK-score,clashscore,ramaoutliers,rotameroutliers,molprobety-score
6C06_8w.pdb,-2690.171049,8.59,2.85,13.25,3.00
6C06_37w.pdb,-2684.6806464,8.19,3.42,14.45,3.00
6C06_24w.pdb,-2683.9083365,8.63,3.09,13.85,3.00
6C06_7w.pdb,-2679.7957316,8.12,3.06,13.64,2.98
