structure,HADDOCK-score,Helix,Sheet,unordered
6C06_8w.pdb,-2690.171049,29.0,10.2,60.8
6C06_37w.pdb,-2684.6806464,30.7,8.8,60.6
6C06_24w.pdb,-2683.9083365,30.5,10.6,58.8
6C06_7w.pdb,-2679.7957316,29.0,10.5,60.5
