structure,HADDOCK-score,Helix,Sheet,Turn,Coil,All
6IRF_24w.pdb,-1678.46528,1225,654,1063,601,3543
6IRF_25w.pdb,-1615.3079,1221,660,1075,601,3557
6IRF_28w.pdb,-1613.56197,1228,638,1068,614,3548
6IRF_30w.pdb,-1612.67363,1225,630,1087,617,3559
