structure,HADDOCK-score,Helix,Sheet,Turn,Coil,All
3J96_28w.pdb,-3673.31218,2271,1015,2590,740,6616
3J96_36w.pdb,-3673.31218,2271,1015,2590,740,6616
3J96_17w.pdb,-3673.31218,2271,1015,2590,740,6616
3J96_35w.pdb,-3673.31218,2271,1015,2590,740,6616
