structure,HADDOCK-score,Helix,Sheet,Turn,Coil
5WCB_5w.pdb,-1064.0905,38.2069795427,7.82190132371,27.9181708785,26.0529482551
5WCB_22w.pdb,-1064.0905,38.2069795427,7.82190132371,27.9181708785,26.0529482551
5WCB_50w.pdb,-1064.0905,38.2069795427,7.82190132371,27.9181708785,26.0529482551
5WCB_46w.pdb,-1064.0905,38.2069795427,7.82190132371,27.9181708785,26.0529482551
