structure,HADDOCK-score,Helix,Sheet,Turn,Coil
6ACG_41w.pdb,-1783.58755,16.3847780127,17.1247357294,31.3689217759,35.121564482
6ACG_39w.pdb,-1783.58755,16.3847780127,17.1247357294,31.3689217759,35.121564482
6ACG_47w.pdb,-1783.58755,16.3847780127,17.1247357294,31.3689217759,35.121564482
6ACG_27w.pdb,-1783.58755,16.3847780127,17.1247357294,31.3689217759,35.121564482
