structure,HADDOCK-score,Helix,Sheet,unordered
6ACG_41w.pdb,-1783.58755,16.3,11.7,72.1
6ACG_39w.pdb,-1783.58755,16.3,11.7,72.1
6ACG_47w.pdb,-1783.58755,16.3,11.7,72.1
6ACG_27w.pdb,-1783.58755,16.3,11.7,72.1
