structure,HADDOCK-score,Helix,Sheet,Turn,Coil
6AHF_6w.pdb,1042.24433,32.5237103863,1.80430256766,38.7231089521,26.9488780939
6AHF_39w.pdb,1042.24433,32.5237103863,1.80430256766,38.7231089521,26.9488780939
6AHF_40w.pdb,1042.24433,32.5237103863,1.80430256766,38.7231089521,26.9488780939
6AHF_9w.pdb,1042.24433,32.5237103863,1.80430256766,38.7231089521,26.9488780939
