structure,HADDOCK-score,Helix,Sheet,unordered
6C06_18w.pdb,-2458.94875,26.3,5.5,68.2
6C06_34w.pdb,-2458.94875,26.3,5.5,68.2
6C06_28w.pdb,-2458.94875,26.3,5.5,68.2
6C06_29w.pdb,-2458.94875,26.3,5.5,68.2
