structure,HADDOCK-score,Helix,Sheet,Turn,Coil
6IRF_14w.pdb,-1546.31225,30.0844704353,15.0422352177,28.2975958415,26.5756985055
6IRF_23w.pdb,-1546.31225,30.0844704353,15.0422352177,28.2975958415,26.5756985055
6IRF_40w.pdb,-1546.31225,30.0844704353,15.0422352177,28.2975958415,26.5756985055
6IRF_12w.pdb,-1546.31225,30.0844704353,15.0422352177,28.2975958415,26.5756985055
