structure,HADDOCK-score,Helix,Sheet,Turn,Coil
6N1Q_40w.pdb,3985.3293,33.6729362591,8.934169279,30.5642633229,26.828631139
6N1Q_46w.pdb,3985.3293,33.6729362591,8.934169279,30.5642633229,26.828631139
6N1Q_9w.pdb,3985.3293,33.6729362591,8.934169279,30.5642633229,26.828631139
6N1Q_10w.pdb,3985.3293,33.6729362591,8.934169279,30.5642633229,26.828631139
