structure,HADDOCK-score,Helix,Sheet,Turn,Coil
6R7I_31w.pdb,-1399.1414,43.7015244718,3.36988499599,31.3185343675,21.6100561647
6R7I_10w.pdb,-1399.1414,43.7015244718,3.36988499599,31.3185343675,21.6100561647
6R7I_11w.pdb,-1399.1414,43.7015244718,3.36988499599,31.3185343675,21.6100561647
6R7I_19w.pdb,-1399.1414,43.7015244718,3.36988499599,31.3185343675,21.6100561647
