structure,HADDOCK-score,Helix,Sheet,Turn,Coil
6UBY_3w.pdb,-1132.326095,24.9611801242,17.0031055901,37.5388198758,20.4968944099
6UBY_6w.pdb,-1132.326095,24.9611801242,17.0031055901,37.5388198758,20.4968944099
6UBY_28w.pdb,-1132.326095,24.9611801242,17.0031055901,37.5388198758,20.4968944099
6UBY_41w.pdb,-1132.326095,24.9611801242,17.0031055901,37.5388198758,20.4968944099
