structure,HADDOCK-score,correlation,atomic-clashes
3J96_40w.pdb,-3674.93469,0.925,0
3J96_29w.pdb,-3668.33538,0.925,1
3J96_27w.pdb,-3654.38407,0.9245,2
3J96_23w.pdb,-3621.9821,0.9233,1
