structure,HADDOCK-score,correlation,atomic-clashes
6UBY_36w.pdb,-1167.674378,0.9558,0
6UBY_39w.pdb,-1162.246766,0.9585,0
6UBY_6w.pdb,-1145.110406,0.9518,0
6UBY_42w.pdb,-1144.759405,0.9529,0
