structure,HADDOCK-score,correlation
3J96_1.pdb,-8012.174,0.9272
3J96_10.pdb,-8022.0614,0.9251
3J96_11.pdb,-7640.6759,0.9272
3J96_12.pdb,-7701.72456,0.9261
3J96_13.pdb,-7821.0103,0.9277
3J96_14.pdb,-7515.6855,0.9251
3J96_15.pdb,-7788.0372,0.9248
3J96_16.pdb,-7708.3905,0.9268
3J96_17.pdb,-8076.6326,0.9269
3J96_18.pdb,-7758.77534,0.9269
3J96_19.pdb,-7245.60991,0.923
3J96_2.pdb,-8009.6139,0.9267
3J96_20.pdb,-7793.1132,0.927
3J96_21.pdb,-7725.4799,0.9278
3J96_22.pdb,-7754.9111,0.9263
3J96_23.pdb,-7620.083,0.9255
3J96_24.pdb,-7993.1106,0.9263
3J96_25.pdb,-8035.8386,0.9265
3J96_26.pdb,-7254.1386,0.9244
3J96_27.pdb,-8046.7931,0.9246
3J96_28.pdb,-7748.8468,0.9262
3J96_29.pdb,-7881.22134,0.9258
3J96_3.pdb,-7959.6902,0.9261
3J96_30.pdb,-8301.0187,0.9265
3J96_31.pdb,-7456.2323,0.9237
3J96_32.pdb,-7561.5941,0.9269
3J96_33.pdb,-7750.7857,0.9263
3J96_34.pdb,-7511.8003,0.925
3J96_35.pdb,-7657.16702,0.9258
3J96_36.pdb,-7560.7518,0.9246
3J96_37.pdb,-7599.1293,0.9253
3J96_38.pdb,-7677.4944,0.9284
3J96_39.pdb,-7870.6107,0.9281
3J96_4.pdb,-7987.4846,0.927
3J96_40.pdb,-7567.2564,0.9258
3J96_41.pdb,-7962.5074,0.9267
3J96_42.pdb,-7524.2977,0.9254
3J96_43.pdb,-7875.4856,0.9269
3J96_44.pdb,-7561.44939,0.9255
3J96_45.pdb,-7850.4097,0.9274
3J96_46.pdb,-7720.3304,0.9259
3J96_47.pdb,-7606.8334,0.9264
3J96_48.pdb,-7738.8077,0.9253
3J96_49.pdb,-7209.3214,0.9247
3J96_5.pdb,-7641.0026,0.9252
3J96_50.pdb,-7957.8736,0.9267
3J96_6.pdb,-7852.3751,0.9268
3J96_7.pdb,-7655.8704,0.9259
3J96_8.pdb,-7533.0836,0.9251
3J96_9.pdb,-7734.89229,0.9241
