structure,HADDOCK-score,Helix,Sheet,Turn,Coil
5HNY_41w.pdb,-459.132584,38.4682332463,19.4952132289,23.5857267189,18.4508268059
5HNY_8w.pdb,-441.06695,39.0774586597,19.4952132289,23.3246301131,18.1026979983
5HNY_50w.pdb,-438.13476,39.3385552654,19.5822454308,22.8024369017,18.2767624021
5HNY_28w.pdb,-428.65513,39.2515230635,18.9730200174,22.8894691036,18.8859878155
