structure,HADDOCK-score,Helix,Sheet,Turn,Coil
5WCB_36w.pdb,-1041.1193,44.3441636582,7.09987966306,21.5403128761,27.0156438026
5WCB_40w.pdb,-1030.70102,44.4645006017,6.73886883273,21.7809867629,27.0156438026
5WCB_17w.pdb,-1023.27565,44.8856799037,6.97954271961,20.9987966306,27.1359807461
5WCB_9w.pdb,-1003.91233,44.5246690734,6.91937424789,21.2394705174,27.3164861613
