structure,HADDOCK-score,Helix,Sheet,Turn,Coil,All
5WCB_36w.pdb,-1041.1193,840,125,583,354,1902
5WCB_40w.pdb,-1030.70102,852,128,567,348,1895
5WCB_17w.pdb,-1023.27565,848,132,555,362,1897
5WCB_9w.pdb,-1003.91233,849,137,568,344,1898
