structure,HADDOCK-score,Helix,Sheet,Turn,Coil
6ACG_49w.pdb,-1675.60578,25.5813953488,21.3530655391,22.4101479915,30.6553911205
6ACG_20w.pdb,-1658.7405,25.5021141649,21.9608879493,22.7801268499,29.7568710359
6ACG_2w.pdb,-1630.40242,25.5813953488,21.6701902748,22.5687103594,30.1797040169
6ACG_13w.pdb,-1613.62748,25.5285412262,21.8023255814,22.7536997886,29.9154334038
