structure,HADDOCK-score,Helix,Sheet,unordered
6AHF_34w.pdb,-1288.2769,40.9,0.4,58.6
6AHF_47w.pdb,-1254.1999,40.4,0.6,58.9
6AHF_33w.pdb,-1232.25779,40.6,0.6,58.8
6AHF_25w.pdb,-1219.16613,40.3,0.4,59.3
