structure,HADDOCK-score,correlation
6ENY_1.pdb,-1419.90626,0.8848
6ENY_10.pdb,-1353.64405,0.8848
6ENY_11.pdb,-1271.43992,0.8863
6ENY_12.pdb,-1352.54096,0.8848
6ENY_13.pdb,-1312.8561,0.8859
6ENY_14.pdb,-1262.62932,0.8848
6ENY_15.pdb,-1390.29281,0.8853
6ENY_16.pdb,-1295.98705,0.883
6ENY_17.pdb,-1389.6811,0.8862
6ENY_18.pdb,-1407.49303,0.8845
6ENY_19.pdb,-1349.94033,0.8848
6ENY_2.pdb,-1311.98476,0.8838
6ENY_20.pdb,-1498.07425,0.8843
6ENY_21.pdb,-1372.05446,0.8851
6ENY_22.pdb,-1364.55027,0.8851
6ENY_23.pdb,-1513.8733,0.8858
6ENY_24.pdb,-1362.1738,0.8832
6ENY_25.pdb,-1414.71534,0.8849
6ENY_26.pdb,-1475.03698,0.8859
6ENY_27.pdb,-1381.78038,0.8849
6ENY_28.pdb,-1302.62587,0.8851
6ENY_29.pdb,-1328.77643,0.883
6ENY_3.pdb,-1329.69732,0.8841
6ENY_30.pdb,-1326.27624,0.8848
6ENY_31.pdb,-1415.41853,0.8873
6ENY_32.pdb,-1385.4578,0.8833
6ENY_33.pdb,-1300.45074,0.8855
6ENY_34.pdb,-1412.8331,0.8831
6ENY_35.pdb,-1434.52192,0.8852
6ENY_36.pdb,-1466.93443,0.8849
6ENY_37.pdb,-1418.44477,0.8835
6ENY_38.pdb,-1358.21156,0.8841
6ENY_39.pdb,-1305.7758,0.8842
6ENY_4.pdb,-1368.68,0.8844
6ENY_40.pdb,-1380.52696,0.8849
6ENY_41.pdb,-1401.2361,0.8853
6ENY_42.pdb,-1442.49486,0.8839
6ENY_43.pdb,-1391.27271,0.8856
6ENY_44.pdb,-1442.31657,0.8851
6ENY_45.pdb,-1321.96068,0.8848
6ENY_46.pdb,-1506.65301,0.8855
6ENY_47.pdb,-1518.32873,0.8858
6ENY_48.pdb,-1376.40099,0.8853
6ENY_49.pdb,-1431.88203,0.8844
6ENY_5.pdb,-1394.86477,0.8863
6ENY_50.pdb,-1342.80648,0.8834
6ENY_6.pdb,-1513.70111,0.8856
6ENY_7.pdb,-1359.10234,0.8841
6ENY_8.pdb,-1371.27944,0.8856
6ENY_9.pdb,-1411.56578,0.8849
temp.pdb,,
tempref.pdb,,
