structure,HADDOCK-score,Helix,Sheet,unordered
6IRF_4w.pdb,-1336.52521,37.7,13.2,49.1
6IRF_5w.pdb,-1318.48558,37.0,12.4,50.6
6IRF_27w.pdb,-1316.11594,37.2,12.6,50.3
6IRF_36w.pdb,-1309.13157,36.9,13.1,50.0
