structure,HADDOCK-score,Helix,Sheet,Turn,Coil
6IRF_4w.pdb,-1336.52521,36.3872644574,16.3742690058,22.1897335932,25.0487329435
6IRF_5w.pdb,-1318.48558,35.445094217,16.2118258609,23.1319038337,25.2111760884
6IRF_27w.pdb,-1316.11594,35.8999350227,16.2443144899,22.6770630279,25.1786874594
6IRF_36w.pdb,-1309.13157,35.2826510721,16.2443144899,23.1319038337,25.3411306043
