structure,HADDOCK-score,correlation
6N1Q_1.pdb,3010.592,0.885
6N1Q_10.pdb,4392.4985877,0.9134
6N1Q_11.pdb,1042.9456,0.8894
6N1Q_12.pdb,2617.7967,0.8976
6N1Q_13.pdb,1245.7831,0.8864
6N1Q_14.pdb,4392.4985877,0.9134
6N1Q_15.pdb,4354.4974,0.9001
6N1Q_16.pdb,4392.4985877,0.9134
6N1Q_17.pdb,1005.6848,0.9018
6N1Q_18.pdb,4620.3771,0.8911
6N1Q_19.pdb,820.963,0.8907
6N1Q_2.pdb,2799.2463,0.8962
6N1Q_20.pdb,1121.2617,0.8904
6N1Q_21.pdb,4658.6094,0.8897
6N1Q_22.pdb,4392.4985877,0.9134
6N1Q_23.pdb,4495.933,0.889
6N1Q_24.pdb,4355.9915,0.9006
6N1Q_25.pdb,4908.9707,0.8952
6N1Q_26.pdb,4583.6567,0.8942
6N1Q_27.pdb,865.1941,0.8984
6N1Q_28.pdb,4803.0568,0.8877
6N1Q_29.pdb,1066.86,0.8904
6N1Q_3.pdb,1325.1767,0.8875
6N1Q_30.pdb,4392.4985877,0.9134
6N1Q_31.pdb,4594.8425,0.9003
6N1Q_32.pdb,3154.9762,0.8863
6N1Q_33.pdb,1210.1489,0.8825
6N1Q_34.pdb,2869.1325,0.9015
6N1Q_35.pdb,4726.1748,0.8944
6N1Q_36.pdb,1073.53,0.883
6N1Q_37.pdb,4462.2107,0.8891
6N1Q_38.pdb,2594.38,0.9012
6N1Q_39.pdb,4508.2886,0.8939
6N1Q_4.pdb,2722.5758,0.8886
6N1Q_40.pdb,4445.6558,0.8917
6N1Q_41.pdb,2714.5165,0.9013
6N1Q_42.pdb,2604.6061,0.9039
6N1Q_43.pdb,4392.4985877,0.9134
6N1Q_44.pdb,2731.088,0.8946
6N1Q_45.pdb,4610.2731,0.898
6N1Q_46.pdb,4392.4985877,0.9134
6N1Q_47.pdb,2985.6265,0.8966
6N1Q_48.pdb,2677.7614,0.8934
6N1Q_49.pdb,1003.6399,0.9001
6N1Q_5.pdb,4718.5083,0.8941
6N1Q_50.pdb,4434.6404,0.8961
6N1Q_6.pdb,2474.5727,0.8935
6N1Q_7.pdb,4581.7373,0.8979
6N1Q_8.pdb,2731.0883,0.8996
6N1Q_9.pdb,1167.4304,0.8907
