structure,HADDOCK-score,atomic-clashes
6N7G_10.pdb,-2100.54481,5
6N7G_11.pdb,-2227.3956,0
6N7G_12.pdb,-2218.6109,3
6N7G_13.pdb,-2075.01051,2
6N7G_14.pdb,-2387.35614,4
6N7G_15.pdb,-2290.5872,3
6N7G_16.pdb,-2272.9437,2
6N7G_17.pdb,-2264.97976,2
6N7G_18.pdb,-2184.562,2
6N7G_19.pdb,-2129.5596,2
6N7G_1.pdb,-2181.9322,1
6N7G_20.pdb,-2386.96676,1
6N7G_21.pdb,-2214.23793,2
6N7G_22.pdb,-2034.211,0
6N7G_23.pdb,-2395.75571,1
6N7G_24.pdb,-2270.4316,4
6N7G_25.pdb,-2354.32766,3
6N7G_26.pdb,-2436.7226,1
6N7G_27.pdb,-2114.40067,2
6N7G_28.pdb,-2222.1313,4
6N7G_29.pdb,-2374.31,2
6N7G_2.pdb,-2213.5954,3
6N7G_30.pdb,-2244.1249,1
6N7G_31.pdb,-2353.2439,0
6N7G_32.pdb,-2208.75012,1
6N7G_33.pdb,-2215.8901,3
6N7G_34.pdb,-2256.18434,4
6N7G_35.pdb,-2203.19735,2
6N7G_36.pdb,-2185.4976,2
6N7G_37.pdb,-2115.1428,2
6N7G_38.pdb,-2147.404,0
6N7G_39.pdb,-2317.63296,5
6N7G_3.pdb,-2100.20708,1
6N7G_40.pdb,-2258.7727,3
6N7G_41.pdb,-2180.3868,1
6N7G_42.pdb,-2197.1521,2
6N7G_43.pdb,-2529.32468,3
6N7G_44.pdb,-2071.7229,1
6N7G_45.pdb,-2301.5933,3
6N7G_46.pdb,-2100.54481,5
6N7G_47.pdb,-2040.05453,3
6N7G_48.pdb,-2182.7214,1
6N7G_49.pdb,-2534.7213,2
6N7G_4.pdb,-2404.29508,3
6N7G_50.pdb,-2292.4944,2
6N7G_5.pdb,-2018.79157,0
6N7G_6.pdb,-1942.6586,2
6N7G_7.pdb,-2163.1804,2
6N7G_8.pdb,-2170.80283,1
6N7G_9.pdb,-2304.55589,2
