structure,HADDOCK-score,Helix,Sheet,unordered
6N7G_23w.pdb,-567.66163,52.4,3.9,43.7
6N7G_35w.pdb,-562.61939,52.5,4.3,43.2
6N7G_30w.pdb,-561.00904,52.8,3.8,43.5
6N7G_50w.pdb,-548.3238,52.4,3.8,43.8
