structure,HADDOCK-score,atomic-clashes
6N8T_10.pdb,-5444.14119,21
6N8T_11.pdb,-5426.1245,14
6N8T_12.pdb,-5338.9074,15
6N8T_13.pdb,-5207.5729,19
6N8T_14.pdb,-5444.14119,21
6N8T_15.pdb,-5485.6066,11
6N8T_16.pdb,-5648.1331,13
6N8T_17.pdb,-5895.1289,13
6N8T_18.pdb,-5369.6179,14
6N8T_19.pdb,-5444.14119,21
6N8T_1.pdb,-5444.14119,21
6N8T_20.pdb,-5646.2405,20
6N8T_21.pdb,-5239.5759,17
6N8T_22.pdb,-5640.2634,17
6N8T_23.pdb,-5054.7376,12
6N8T_24.pdb,-5391.0354,11
6N8T_25.pdb,-5649.8614,14
6N8T_26.pdb,-5734.4543,13
6N8T_27.pdb,-5444.14119,21
6N8T_28.pdb,-5200.1636,20
6N8T_29.pdb,-5175.9067,23
6N8T_2.pdb,-5721.4592,14
6N8T_30.pdb,-5444.14119,21
6N8T_31.pdb,-4731.4555,13
6N8T_32.pdb,-5019.4805,15
6N8T_33.pdb,-5312.4576,15
6N8T_34.pdb,-5464.2705,13
6N8T_35.pdb,-5378.9263,15
6N8T_36.pdb,-5444.14119,21
6N8T_37.pdb,-5262.6536,15
6N8T_38.pdb,-5748.8928,20
6N8T_39.pdb,-5389.7659,15
6N8T_3.pdb,-5222.0314,17
6N8T_40.pdb,-5405.3701,16
6N8T_41.pdb,-5242.1861,17
6N8T_42.pdb,-5522.0908,21
6N8T_43.pdb,-5012.075,20
6N8T_44.pdb,-5208.6022,12
6N8T_45.pdb,-5887.5266,19
6N8T_46.pdb,-5444.14119,21
6N8T_47.pdb,-5351.7745,9
6N8T_48.pdb,-5086.1821,16
6N8T_49.pdb,-5316.1076,14
6N8T_4.pdb,-4324.2372,11
6N8T_50.pdb,-5567.981,13
6N8T_5.pdb,-5449.4131,12
6N8T_6.pdb,-4965.3383,10
6N8T_7.pdb,-5176.8331,14
6N8T_8.pdb,-5444.14119,21
6N8T_9.pdb,-4617.2748,18
