structure,HADDOCK-score,Helix,Sheet,Turn,Coil
6R7I_33w.pdb,-1445.8576,53.4367477935,4.89435677989,21.984487831,19.6844075956
6R7I_39w.pdb,-1400.44,53.9181599358,5.5897298743,21.1286440225,19.3634661674
6R7I_44w.pdb,-1397.1995,53.2495319604,5.10831773201,21.984487831,19.6576624766
6R7I_8w.pdb,-1393.5285,53.0623161273,5.32227868414,22.1449585451,19.4704466435
