structure,HADDOCK-score,Helix,Sheet,Turn,Coil
6UBY_42w.pdb,-1131.975303,39.0916149068,18.3618012422,23.5636645963,18.9829192547
6UBY_38w.pdb,-1111.448561,38.7034161491,18.3618012422,23.8742236025,19.0605590062
6UBY_9w.pdb,-1093.703492,38.4704968944,18.4394409938,24.1459627329,18.9440993789
6UBY_33w.pdb,-1089.142139,38.7422360248,18.1677018634,24.0683229814,19.0217391304
