structure,HADDOCK-score,Helix,Sheet,Turn,Coil
6UC0_28w.pdb,-1339.8263,38.6347131445,19.0994916485,23.5294117647,18.7363834423
6UC0_6w.pdb,-1339.2771,38.1263616558,19.3173565723,24.0014524328,18.5548293391
6UC0_25w.pdb,-1332.721,38.2716049383,19.4625998548,23.8562091503,18.4095860566
6UC0_1w.pdb,-1330.8008,38.5257806826,19.0631808279,23.5657225853,18.8453159041
