structure,HADDOCK-score,correlation,atomic-clashes
6ACG_10w.pdb,-1783.58755,0.8529,0
6ACG_11w.pdb,-1783.58755,0.8529,0
6ACG_12w.pdb,-1783.58755,0.8529,0
6ACG_13w.pdb,-1783.58755,0.8529,0
6ACG_14w.pdb,-1783.58755,0.8529,0
6ACG_15w.pdb,-1783.58755,0.8529,0
6ACG_16w.pdb,-1783.58755,0.8529,0
6ACG_17w.pdb,-1783.58755,0.8529,0
6ACG_18w.pdb,-1783.58755,0.8529,0
6ACG_19w.pdb,-1783.58755,0.8529,0
6ACG_1w.pdb,-1783.58755,0.8529,0
6ACG_20w.pdb,-1783.58755,0.8529,0
6ACG_21w.pdb,-1783.58755,0.8529,0
6ACG_22w.pdb,-1783.58755,0.8529,0
6ACG_23w.pdb,-1783.58755,0.8529,0
6ACG_24w.pdb,-1783.58755,0.8529,0
6ACG_25w.pdb,-1783.58755,0.8529,0
6ACG_26w.pdb,-1783.58755,0.8529,0
6ACG_27w.pdb,-1783.58755,0.8529,0
6ACG_28w.pdb,-1783.58755,0.8529,0
6ACG_29w.pdb,-1783.58755,0.8529,0
6ACG_2w.pdb,-1783.58755,0.8529,0
6ACG_30w.pdb,-1783.58755,0.8529,0
6ACG_31w.pdb,-1783.58755,0.8529,0
6ACG_32w.pdb,-1783.58755,0.8529,0
6ACG_33w.pdb,-1783.58755,0.8529,0
6ACG_34w.pdb,-1783.58755,0.8529,0
6ACG_35w.pdb,-1783.58755,0.8529,0
6ACG_36w.pdb,-1783.58755,0.8529,0
6ACG_37w.pdb,-1783.58755,0.8529,0
6ACG_38w.pdb,-1783.58755,0.8529,0
6ACG_39w.pdb,-1783.58755,0.8529,0
6ACG_3w.pdb,-1783.58755,0.8529,0
6ACG_40w.pdb,-1783.58755,0.8529,0
6ACG_41w.pdb,-1783.58755,0.8529,0
6ACG_42w.pdb,-1783.58755,0.8529,0
6ACG_43w.pdb,-1783.58755,0.8529,0
6ACG_44w.pdb,-1783.58755,0.8529,0
6ACG_45w.pdb,-1783.58755,0.8529,0
6ACG_46w.pdb,-1783.58755,0.8529,0
6ACG_47w.pdb,-1783.58755,0.8529,0
6ACG_48w.pdb,-1783.58755,0.8529,0
6ACG_49w.pdb,-1783.58755,0.8529,0
6ACG_4w.pdb,-1783.58755,0.8529,0
6ACG_50w.pdb,-1783.58755,0.8529,0
6ACG_5w.pdb,-1783.58755,0.8529,0
6ACG_6w.pdb,-1783.58755,0.8529,0
6ACG_7w.pdb,-1783.58755,0.8529,0
6ACG_8w.pdb,-1783.58755,0.8529,0
6ACG_9w.pdb,-1783.58755,0.8529,0
