structure,HADDOCK-score,correlation,atomic-clashes
6C06_10w.pdb,-2458.94875,0.8961,0
6C06_11w.pdb,-2458.94875,0.8961,0
6C06_12w.pdb,-2458.94875,0.8961,0
6C06_13w.pdb,-2458.94875,0.8961,0
6C06_14w.pdb,-2458.94875,0.8961,0
6C06_15w.pdb,-2458.94875,0.8961,0
6C06_16w.pdb,-2458.94875,0.8961,0
6C06_17w.pdb,-2458.94875,0.8961,0
6C06_18w.pdb,-2458.94875,0.8961,0
6C06_19w.pdb,-2458.94875,0.8961,0
6C06_1w.pdb,-2458.94875,0.8961,0
6C06_20w.pdb,-2458.94875,0.8961,0
6C06_21w.pdb,-2458.94875,0.8961,0
6C06_22w.pdb,-2458.94875,0.8961,0
6C06_23w.pdb,-2458.94875,0.8961,0
6C06_24w.pdb,-2458.94875,0.8961,0
6C06_25w.pdb,-2458.94875,0.8961,0
6C06_26w.pdb,-2458.94875,0.8961,0
6C06_27w.pdb,-2458.94875,0.8961,0
6C06_28w.pdb,-2458.94875,0.8961,0
6C06_29w.pdb,-2458.94875,0.8961,0
6C06_2w.pdb,-2458.94875,0.8961,0
6C06_30w.pdb,-2458.94875,0.8961,0
6C06_31w.pdb,-2458.94875,0.8961,0
6C06_32w.pdb,-2458.94875,0.8961,0
6C06_33w.pdb,-2458.94875,0.8961,0
6C06_34w.pdb,-2458.94875,0.8961,0
6C06_35w.pdb,-2458.94875,0.8961,0
6C06_36w.pdb,-2458.94875,0.8961,0
6C06_37w.pdb,-2458.94875,0.8961,0
6C06_38w.pdb,-2458.94875,0.8961,0
6C06_39w.pdb,-2458.94875,0.8961,0
6C06_3w.pdb,-2458.94875,0.8961,0
6C06_40w.pdb,-2458.94875,0.8961,0
6C06_41w.pdb,-2458.94875,0.8961,0
6C06_42w.pdb,-2458.94875,0.8961,0
6C06_43w.pdb,-2458.94875,0.8961,0
6C06_44w.pdb,-2458.94875,0.8961,0
6C06_45w.pdb,-2458.94875,0.8961,0
6C06_46w.pdb,-2458.94875,0.8961,0
6C06_47w.pdb,-2458.94875,0.8961,0
6C06_48w.pdb,-2458.94875,0.8961,0
6C06_49w.pdb,-2458.94875,0.8961,0
6C06_4w.pdb,-2458.94875,0.8961,0
6C06_50w.pdb,-2458.94875,0.8961,0
6C06_5w.pdb,-2458.94875,0.8961,0
6C06_6w.pdb,-2458.94875,0.8961,0
6C06_7w.pdb,-2458.94875,0.8961,0
6C06_8w.pdb,-2458.94875,0.8961,0
6C06_9w.pdb,-2458.94875,0.8961,0
