structure,HADDOCK-score,correlation,atomic-clashes
3J95_10w.pdb,-1096.23365,0.9383,1
3J95_11w.pdb,-1096.23365,0.9383,1
3J95_12w.pdb,-1480.75022,0.9259,0
3J95_13w.pdb,-1096.23365,0.9383,1
