structure,HADDOCK-score,Helix,Sheet,Turn,Coil,All
6ACG_41w.pdb,-1683.74547,1053,1016,1436,845,4350
6ACG_39w.pdb,-1683.74547,1053,1016,1436,845,4350
6ACG_47w.pdb,-1683.74547,1053,1016,1436,845,4350
6ACG_27w.pdb,-1683.74547,1053,1016,1436,845,4350
