structure,HADDOCK-score,Helix,Sheet,unordered
6ACG_41w.pdb,-1683.74547,26.4,16.5,57.1
6ACG_39w.pdb,-1683.74547,26.4,16.5,57.1
6ACG_47w.pdb,-1683.74547,26.4,16.5,57.1
6ACG_27w.pdb,-1683.74547,26.4,16.5,57.1
