structure,HADDOCK-score,Helix,Sheet,unordered
6IRF_50w.pdb,-1466.72258,37.1,13.8,49.1
6IRF_7w.pdb,-1458.30805,37.4,13.8,48.8
6IRF_38w.pdb,-1458.29653,37.5,12.6,49.9
6IRF_28w.pdb,-1450.83622,36.8,12.9,50.2
