structure,HADDOCK-score,correlation,atomic-clashes
6N8Z_10w.pdb,-2670.12672,0.9287,0
6N8Z_11w.pdb,-2604.001999,0.9282,0
6N8Z_12w.pdb,-2118.86375,0.9326,6
6N8Z_13w.pdb,-2640.185612,0.929,0
