structure,HADDOCK-score,correlation,atomic-clashes
6UBY_16w.pdb,-1546.426334,0.951,0
6UBY_38w.pdb,-1545.693778,0.9501,0
6UBY_28w.pdb,-1544.429329,0.9508,0
6UBY_34w.pdb,-1533.084001,0.9503,0
