structure,HADDOCK-score,Helix,Sheet,Turn,Coil
3J95_26w.pdb,-1420.2125,42.5251474159,11.5851543531,25.1127297954,20.7769684357
3J95_23w.pdb,-1420.2125,42.5251474159,11.5851543531,25.1127297954,20.7769684357
3J95_22w.pdb,-1420.2125,42.5251474159,11.5851543531,25.1127297954,20.7769684357
3J95_38w.pdb,-1420.2125,42.5251474159,11.5851543531,25.1127297954,20.7769684357
