structure,HADDOCK-score,Helix,Sheet,Turn,Coil
3J96_28w.pdb,-3673.31218,35.1889400922,15.6497695853,31.33640553,17.8248847926
3J96_36w.pdb,-3673.31218,35.1889400922,15.6497695853,31.33640553,17.8248847926
3J96_17w.pdb,-3673.31218,35.1889400922,15.6497695853,31.33640553,17.8248847926
3J96_35w.pdb,-3673.31218,35.1889400922,15.6497695853,31.33640553,17.8248847926
