structure,HADDOCK-score,Helix,Sheet,Turn,Coil
5GRS_28w.pdb,-2339.6982,18.954509178,33.6392657622,25.0997605746,22.3064644852
5GRS_27w.pdb,-2339.6982,18.954509178,33.6392657622,25.0997605746,22.3064644852
5GRS_1w.pdb,-2339.6982,18.954509178,33.6392657622,25.0997605746,22.3064644852
5GRS_7w.pdb,-2339.6982,18.954509178,33.6392657622,25.0997605746,22.3064644852
