structure,HADDOCK-score,Helix,Sheet,Turn,Coil
5HNY_27w.pdb,-451.5576,30.7223672759,16.9712793734,31.2445604874,21.0617928634
5HNY_25w.pdb,-451.5576,30.7223672759,16.9712793734,31.2445604874,21.0617928634
5HNY_48w.pdb,-451.5576,30.7223672759,16.9712793734,31.2445604874,21.0617928634
5HNY_19w.pdb,-451.5576,30.7223672759,16.9712793734,31.2445604874,21.0617928634
