structure,HADDOCK-score,Helix,Sheet,Turn,Coil
6N7G_1w.pdb,-575.88335,49.2800743149,7.2457036693,24.1058987459,19.3683232699
6N7G_7w.pdb,-575.88335,49.2800743149,7.2457036693,24.1058987459,19.3683232699
6N7G_20w.pdb,-575.88335,49.2800743149,7.2457036693,24.1058987459,19.3683232699
6N7G_10w.pdb,-575.88335,49.2800743149,7.2457036693,24.1058987459,19.3683232699
