structure,HADDOCK-score,Helix,Sheet,Turn,Coil
6N8Z_10w.pdb,-2619.275,44.8641975309,10.4197530864,26.024691358,18.6913580247
6N8Z_42w.pdb,-2619.275,44.8641975309,10.4197530864,26.024691358,18.6913580247
6N8Z_48w.pdb,-2619.275,44.8641975309,10.4197530864,26.024691358,18.6913580247
6N8Z_40w.pdb,-2619.275,44.8641975309,10.4197530864,26.024691358,18.6913580247
