structure,HADDOCK-score,Helix,Sheet,Turn,Coil
6UC0_20w.pdb,-1387.0027,32.2803195352,18.0464778504,30.6826434277,18.9905591866
6UC0_33w.pdb,-1387.0027,32.2803195352,18.0464778504,30.6826434277,18.9905591866
6UC0_48w.pdb,-1387.0027,32.2803195352,18.0464778504,30.6826434277,18.9905591866
6UC0_36w.pdb,-1387.0027,32.2803195352,18.0464778504,30.6826434277,18.9905591866
