structure,HADDOCK-score,Helix,Sheet,Turn,Coil,All
3J95_3w.pdb,-1557.71006,1584,389,774,536,3283
3J95_21w.pdb,-1550.80597,1583,389,821,501,3294
3J95_26w.pdb,-1547.19637,1575,380,803,528,3286
3J95_30w.pdb,-1537.47119,1546,406,856,503,3311
