structure,HADDOCK-score,Helix,Sheet,Turn,Coil,All
3J96_28w.pdb,-3700.55387,2926,1031,1459,784,6200
3J96_36w.pdb,-3700.55387,2926,1031,1459,784,6200
3J96_17w.pdb,-3700.55387,2926,1031,1459,784,6200
3J96_35w.pdb,-3700.55387,2926,1031,1459,784,6200
