structure,HADDOCK-score,Helix,Sheet,unordered
5HNY_47w.pdb,-576.207607,40.6,17.3,42.1
5HNY_1w.pdb,-552.325853,39.1,16.7,44.2
5HNY_45w.pdb,-543.870295,38.9,17.1,44.0
5HNY_41w.pdb,-541.342182,38.6,17.1,44.3
