structure,HADDOCK-score,Helix,Sheet,Turn,Coil,All
5HNY_47w.pdb,-576.207607,512,256,347,205,1320
5HNY_1w.pdb,-552.325853,493,246,409,185,1333
5HNY_45w.pdb,-543.870295,496,244,395,199,1334
5HNY_41w.pdb,-541.342182,505,235,364,216,1320
