structure,HADDOCK-score,clashscore,ramaoutliers,rotameroutliers,molprobety-score
6C06_25w.pdb,-2719.9548733,7.91,1.83,11.91,2.86
6C06_36w.pdb,-2669.0047156,8.35,1.29,11.28,2.83
6C06_31w.pdb,-2658.322238,7.66,1.80,10.54,2.80
6C06_6w.pdb,-2657.8149747,7.64,1.65,10.96,2.79
