structure,HADDOCK-score,Helix,Sheet,Turn,Coil,All
6N8Z_7w.pdb,-2699.772862,2193,475,1345,676,4689
6N8Z_6w.pdb,-2696.10384,2196,501,1323,685,4705
6N8Z_45w.pdb,-2688.036704,2222,494,1311,659,4686
6N8Z_25w.pdb,-2679.332405,2202,503,1304,684,4693
