structure,HADDOCK-score,Helix,Sheet,unordered
6N8Z_7w.pdb,-2699.772862,47.8,7.8,44.5
6N8Z_6w.pdb,-2696.10384,47.9,8.3,43.8
6N8Z_45w.pdb,-2688.036704,48.5,7.8,43.7
6N8Z_25w.pdb,-2679.332405,47.9,8.3,43.8
