structure,HADDOCK-score,Helix,Sheet,Turn,Coil,All
6AHF_1w.pdb,-1268.8361,2008,96,2025,942,5071
6AHF_5w.pdb,-1212.39999,1950,84,2131,939,5104
6AHF_14w.pdb,-1196.56748,1975,97,2125,920,5117
6AHF_46w.pdb,-1173.4312,1992,115,2060,933,5100
