structure,HADDOCK-score,clashscore,ramaoutliers,rotameroutliers,molprobety-score
6UBY_36w.pdb,-1167.674378,13.26,0.55,14.26,2.91
6UBY_39w.pdb,-1162.246766,12.24,0.74,13.16,2.87
6UBY_6w.pdb,-1145.110406,12.84,0.74,14.12,2.93
6UBY_42w.pdb,-1144.759405,12.01,0.59,13.48,2.89
