structure,HADDOCK-score,Helix,Sheet,Turn,Coil,All
6UC0_31w.pdb,-1363.4426561,1221,639,1009,391,3260
6UC0_17w.pdb,-1361.1584614,1215,640,1005,399,3259
6UC0_49w.pdb,-1357.448667,1225,650,992,394,3261
6UC0_18w.pdb,-1348.3308378,1233,648,989,392,3262
