structure,HADDOCK-score,Helix,Sheet,Turn,Coil,All
3J96_39w.pdb,-3571.29129,2921,1032,1525,747,6225
3J96_38w.pdb,-3556.8377,2919,1014,1522,756,6211
3J96_26w.pdb,-3520.83743,2926,1033,1489,753,6201
3J96_45w.pdb,-3446.14763,2906,1025,1530,769,6230
