structure,HADDOCK-score,Helix,Sheet,unordered
5GRS_26w.pdb,-2405.625977,23.9,30.4,45.7
5GRS_28w.pdb,-2381.716683,24.1,31.0,44.9
5GRS_25w.pdb,-2343.398033,24.5,31.4,44.2
5GRS_39w.pdb,-2330.115443,23.5,30.9,45.6
