structure,HADDOCK-score,Helix,Sheet,unordered
6N7G_39w.pdb,-1131.081653,52.4,4.4,43.1
6N7G_32w.pdb,-1115.684156,52.5,4.1,43.4
6N7G_31w.pdb,-1106.610692,52.7,4.4,42.9
6N7G_13w.pdb,-1103.110855,52.6,4.4,42.9
