structure,HADDOCK-score,correlation,atomic-clashes
3J96_10w.pdb,-3601.93788,0.9243,2
3J96_11w.pdb,-3480.4251,0.9262,4
3J96_12w.pdb,-3427.9994,0.9255,1
3J96_13w.pdb,-3447.38412,0.9268,5
3J96_14w.pdb,-3339.6898,0.9242,0
3J96_15w.pdb,-3456.71221,0.9236,1
3J96_16w.pdb,-3416.9023,0.9261,4
3J96_17w.pdb,-3525.9084,0.926,2
3J96_18w.pdb,-3481.04714,0.9256,0
3J96_19w.pdb,-3172.4466,0.922,1
3J96_1w.pdb,-3521.26053,0.9264,0
3J96_20w.pdb,-3468.36526,0.9259,1
3J96_21w.pdb,-3413.3055,0.9271,0
3J96_22w.pdb,-3401.52831,0.9255,1
3J96_23w.pdb,-3395.21315,0.9246,0
3J96_24w.pdb,-3526.2908,0.9257,1
3J96_25w.pdb,-3514.76992,0.9254,0
3J96_26w.pdb,-3206.1927,0.9235,2
3J96_27w.pdb,-3526.9492,0.9236,0
3J96_28w.pdb,-3386.86989,0.9254,1
3J96_29w.pdb,-3553.5619,0.9249,1
3J96_2w.pdb,-3504.5312,0.9256,1
3J96_30w.pdb,-3537.2313,0.9255,1
3J96_31w.pdb,-3210.5935,0.9229,1
3J96_32w.pdb,-3407.4654,0.9261,0
3J96_33w.pdb,-3535.8293,0.9252,3
3J96_34w.pdb,-3261.7837,0.9244,2
3J96_35w.pdb,-3451.56137,0.9247,1
3J96_36w.pdb,-3392.5769,0.9236,0
3J96_37w.pdb,-3407.26894,0.9244,1
3J96_38w.pdb,-3389.85382,0.9274,2
3J96_39w.pdb,-3527.9591,0.9271,2
3J96_3w.pdb,-3391.9881,0.9253,0
3J96_40w.pdb,-3388.8652,0.925,1
3J96_41w.pdb,-3554.21141,0.9257,2
3J96_42w.pdb,-3354.12635,0.9247,4
3J96_43w.pdb,-3423.92309,0.926,1
3J96_44w.pdb,-3375.42561,0.9246,0
3J96_45w.pdb,-3525.17755,0.9264,0
3J96_46w.pdb,-3376.8796,0.9252,0
3J96_47w.pdb,-3375.40189,0.9254,3
3J96_48w.pdb,-3477.8802,0.9243,3
3J96_49w.pdb,-3221.4256,0.9239,1
3J96_4w.pdb,-3525.36719,0.9258,3
3J96_50w.pdb,-3516.21009,0.9258,0
3J96_5w.pdb,-3296.9474,0.9244,1
3J96_6w.pdb,-3506.7392,0.9258,0
3J96_7w.pdb,-3363.44699,0.9247,1
3J96_8w.pdb,-3323.76484,0.9241,1
3J96_9w.pdb,-3356.9081,0.9235,3
