structure,HADDOCK-score,Helix,Sheet,Turn,Coil,All
5HNY_10w.pdb,-452.507211,497,269,384,182,1332
5HNY_27w.pdb,-448.64121,508,273,364,180,1325
5HNY_16w.pdb,-439.689482,498,275,386,175,1334
5HNY_11w.pdb,-433.40166,496,267,383,184,1330
