structure,HADDOCK-score,Helix,Sheet,unordered
6ACG_46w.pdb,-1685.98519,26.1,16.6,57.2
6ACG_7w.pdb,-1677.62092,26.5,15.5,58.0
6ACG_23w.pdb,-1656.18218,26.6,16.6,56.8
6ACG_45w.pdb,-1656.00963,26.3,16.7,57.0
