structure,HADDOCK-score,Helix,Sheet,Turn,Coil,All
6IRF_23w.pdb,-1413.68661,1280,623,992,630,3525
6IRF_5w.pdb,-1412.26506,1283,614,983,645,3525
6IRF_4w.pdb,-1398.57563,1279,619,1001,634,3533
6IRF_39w.pdb,-1387.01718,1278,625,994,641,3538
