structure,HADDOCK-score,clashscore,ramaoutliers,rotameroutliers,molprobety-score
6N7G_35w.pdb,-1204.928499,13.49,2.10,13.09,3.10
6N7G_13w.pdb,-1163.4569,12.97,2.10,13.28,3.08
6N7G_22w.pdb,-1143.793262,13.40,2.15,13.39,3.10
6N7G_9w.pdb,-1142.60589,13.19,2.15,13.28,3.09
