structure,HADDOCK-score,Helix,Sheet,unordered
6UBY_4w.pdb,-1271.372759,39.7,14.0,46.3
6UBY_45w.pdb,-1257.708974,39.3,14.9,45.8
6UBY_14w.pdb,-1255.732692,39.5,15.5,45.1
6UBY_26w.pdb,-1253.370137,39.5,14.9,45.6
