structure,HADDOCK-score,Helix,Sheet,Turn,Coil
3J95_39w.pdb,-1407.139,48.3524106833,11.897329171,19.7710718002,19.9791883455
3J95_2w.pdb,-1376.7308,47.8321193202,12.174817898,20.2566770725,19.7363857093
3J95_36w.pdb,-1370.6907,48.8033298647,11.897329171,19.4935830732,19.8057578911
3J95_10w.pdb,-1364.8532,47.866805411,11.8626430801,20.3607353451,19.9098161637
