structure,HADDOCK-score,atomic-clashes
3J96_10.pdb,-8022.0614,6
3J96_11.pdb,-7640.6759,5
3J96_12.pdb,-7701.72456,6
3J96_13.pdb,-7821.0103,6
3J96_14.pdb,-7515.6855,8
3J96_15.pdb,-7788.0372,2
3J96_16.pdb,-7708.3905,9
3J96_17.pdb,-8076.6326,3
3J96_18.pdb,-7758.77534,6
3J96_19.pdb,-7245.60991,4
3J96_1.pdb,-8012.174,10
3J96_20.pdb,-7793.1132,10
3J96_21.pdb,-7725.4799,6
3J96_22.pdb,-7754.9111,7
3J96_23.pdb,-7620.083,5
3J96_24.pdb,-7993.1106,7
3J96_25.pdb,-8035.8386,6
3J96_26.pdb,-7254.1386,7
3J96_27.pdb,-8046.7931,6
3J96_28.pdb,-7748.8468,6
3J96_29.pdb,-7881.22134,7
3J96_2.pdb,-8009.6139,5
3J96_30.pdb,-8301.0187,3
3J96_31.pdb,-7456.2323,11
3J96_32.pdb,-7561.5941,10
3J96_33.pdb,-7750.7857,4
3J96_34.pdb,-7511.8003,7
3J96_35.pdb,-7657.16702,5
3J96_36.pdb,-7560.7518,8
3J96_37.pdb,-7599.1293,9
3J96_38.pdb,-7677.4944,7
3J96_39.pdb,-7870.6107,2
3J96_3.pdb,-7959.6902,5
3J96_40.pdb,-7567.2564,1
3J96_41.pdb,-7962.5074,6
3J96_42.pdb,-7524.2977,8
3J96_43.pdb,-7875.4856,6
3J96_44.pdb,-7561.44939,6
3J96_45.pdb,-7850.4097,7
3J96_46.pdb,-7720.3304,8
3J96_47.pdb,-7606.8334,4
3J96_48.pdb,-7738.8077,5
3J96_49.pdb,-7209.3214,5
3J96_4.pdb,-7987.4846,9
3J96_50.pdb,-7957.8736,6
3J96_5.pdb,-7641.0026,3
3J96_6.pdb,-7852.3751,12
3J96_7.pdb,-7655.8704,6
3J96_8.pdb,-7533.0836,10
3J96_9.pdb,-7734.89229,6
