structure,HADDOCK-score,Helix,Sheet,Turn,Coil
3J96_10w.pdb,-3601.93788,47.3179723502,15.9631336406,19.797235023,16.9216589862
3J96_41w.pdb,-3554.21141,47.5760368664,15.8341013825,19.6129032258,16.9769585253
3J96_29w.pdb,-3553.5619,47.2258064516,15.797235023,19.8156682028,17.1612903226
3J96_30w.pdb,-3537.2313,47.797235023,15.6866359447,19.0783410138,17.4377880184
