structure,HADDOCK-score,Helix,Sheet,unordered
3J96_10w.pdb,-3601.93788,48.6,14.1,37.3
3J96_41w.pdb,-3554.21141,49.2,13.8,37.1
3J96_29w.pdb,-3553.5619,48.5,14.0,37.5
3J96_30w.pdb,-3537.2313,49.1,13.5,37.4
