structure,HADDOCK-score,Helix,Sheet,Turn,Coil
5GRS_46w.pdb,-2330.16982,22.3064644852,34.5570630487,21.308858739,21.8276137271
5GRS_26w.pdb,-2298.586272,22.3463687151,33.1205107741,21.4285714286,23.1045490822
5GRS_45w.pdb,-2290.704539,22.0670391061,34.1181165204,21.7478052674,22.0670391061
5GRS_42w.pdb,-2290.46464,22.6656025539,33.2003192338,21.0694333599,23.0646448524
