structure,HADDOCK-score,Helix,Sheet,unordered
5GRS_46w.pdb,-2330.16982,23.4,31.5,45.1
5GRS_26w.pdb,-2298.586272,23.2,30.6,46.2
5GRS_45w.pdb,-2290.704539,22.6,30.6,46.7
5GRS_42w.pdb,-2290.46464,23.7,30.5,45.8
