structure,HADDOCK-score,atomic-clashes
5WCB_10.pdb,-1951.9952,2
5WCB_11.pdb,-1903.7307,1
5WCB_12.pdb,-1933.949,3
5WCB_13.pdb,-1875.2432,3
5WCB_14.pdb,-1807.45435,3
5WCB_15.pdb,-1783.05,2
5WCB_16.pdb,-2059.0581,1
5WCB_17.pdb,-2114.16537,3
5WCB_18.pdb,-1767.3084,3
5WCB_19.pdb,-1938.8759,4
5WCB_1.pdb,-1920.5755,3
5WCB_20.pdb,-1833.898,2
5WCB_21.pdb,-1795.884,1
5WCB_22.pdb,-1815.0672,3
5WCB_23.pdb,-1830.3361,1
5WCB_24.pdb,-1937.6714,3
5WCB_25.pdb,-2024.1866,3
5WCB_26.pdb,-1907.5187,3
5WCB_27.pdb,-1833.3428,2
5WCB_28.pdb,-1810.2337,2
5WCB_29.pdb,-1879.4106,3
5WCB_2.pdb,-2132.9239,3
5WCB_30.pdb,-2017.8783,6
5WCB_31.pdb,-1946.8135,2
5WCB_32.pdb,-2039.0543,4
5WCB_33.pdb,-1972.5287,1
5WCB_34.pdb,-1785.4663,2
5WCB_35.pdb,-1699.3011,1
5WCB_36.pdb,-2138.8211,1
5WCB_37.pdb,-1953.0394,3
5WCB_38.pdb,-2070.9623,2
5WCB_39.pdb,-2064.33762,3
5WCB_3.pdb,-2018.1568,3
5WCB_40.pdb,-2054.54887,3
5WCB_41.pdb,-1756.3731,6
5WCB_42.pdb,-1755.7542,3
5WCB_43.pdb,-1740.1015,3
5WCB_44.pdb,-1979.57798,5
5WCB_45.pdb,-1997.8851,4
5WCB_46.pdb,-1802.4781,4
5WCB_47.pdb,-1912.19761,0
5WCB_48.pdb,-2020.62122,1
5WCB_49.pdb,-1720.3574,3
5WCB_4.pdb,-2003.7657,3
5WCB_50.pdb,-1968.4833,0
5WCB_5.pdb,-1595.6252,2
5WCB_6.pdb,-1980.6246,3
5WCB_7.pdb,-1877.9486,2
5WCB_8.pdb,-1819.2187,1
5WCB_9.pdb,-2055.99083,1
