structure,HADDOCK-score,correlation
6AHF_1.pdb,-2346.7798,0.8838
6AHF_10.pdb,-2445.5362,0.8815
6AHF_11.pdb,-1951.83268,0.9019
6AHF_12.pdb,-2392.7251,0.8824
6AHF_13.pdb,-2432.5204,0.8794
6AHF_14.pdb,-2512.5197,0.8837
6AHF_15.pdb,-2326.712,0.8786
6AHF_16.pdb,-2434.2813,0.8558
6AHF_17.pdb,-2623.9551,0.8672
6AHF_18.pdb,-1951.83268,0.9019
6AHF_19.pdb,-2606.2163,0.8693
6AHF_2.pdb,-2290.8273,0.8684
6AHF_20.pdb,-2150.6988,0.87
6AHF_21.pdb,-2633.1988,0.8807
6AHF_22.pdb,-2619.6998,0.8769
6AHF_23.pdb,-2452.2554,0.8786
6AHF_24.pdb,-2660.7219,0.8748
6AHF_25.pdb,-2844.3585,0.8701
6AHF_26.pdb,-2371.3151,0.8797
6AHF_27.pdb,-2421.9132,0.8818
6AHF_28.pdb,-2579.4123,0.8753
6AHF_29.pdb,-2836.1286,0.8802
6AHF_3.pdb,-2331.9378,0.8737
6AHF_30.pdb,-1951.83268,0.9019
6AHF_31.pdb,-2183.6564,0.8647
6AHF_32.pdb,-2484.1119,0.8732
6AHF_33.pdb,-2825.498,0.8832
6AHF_34.pdb,-3123.1468,0.872
6AHF_35.pdb,-1951.83268,0.9019
6AHF_36.pdb,-2652.1521,0.8725
6AHF_37.pdb,-1951.83268,0.9019
6AHF_38.pdb,-2402.0615,0.8728
6AHF_39.pdb,-2404.4868,0.8808
6AHF_4.pdb,-2216.9444,0.8594
6AHF_40.pdb,-2332.5552,0.8732
6AHF_41.pdb,-2299.6191,0.8764
6AHF_42.pdb,-2686.8469,0.8738
6AHF_43.pdb,-2661.2576,0.8764
6AHF_44.pdb,-2508.5672,0.8758
6AHF_45.pdb,-2619.0599,0.8759
6AHF_46.pdb,-2243.2673,0.867
6AHF_47.pdb,-2902.1313,0.8725
6AHF_48.pdb,-2398.5499,0.8786
6AHF_49.pdb,-2239.4993,0.8753
6AHF_5.pdb,-2696.8676,0.873
6AHF_50.pdb,-2479.0887,0.8679
6AHF_6.pdb,-1951.83268,0.9019
6AHF_7.pdb,-2331.6197,0.8601
6AHF_8.pdb,-2387.6857,0.8728
6AHF_9.pdb,-2700.7406,0.8748
