structure,HADDOCK-score,atomic-clashes
6AHF_10.pdb,-2445.5362,5
6AHF_11.pdb,-1951.83268,4
6AHF_12.pdb,-2392.7251,3
6AHF_13.pdb,-2432.5204,2
6AHF_14.pdb,-2512.5197,0
6AHF_15.pdb,-2326.712,3
6AHF_16.pdb,-2434.2813,5
6AHF_17.pdb,-2623.9551,1
6AHF_18.pdb,-1951.83268,4
6AHF_19.pdb,-2606.2163,3
6AHF_1.pdb,-2346.7798,1
6AHF_20.pdb,-2150.6988,1
6AHF_21.pdb,-2633.1988,2
6AHF_22.pdb,-2619.6998,3
6AHF_23.pdb,-2452.2554,6
6AHF_24.pdb,-2660.7219,2
6AHF_25.pdb,-2844.3585,3
6AHF_26.pdb,-2371.3151,3
6AHF_27.pdb,-2421.9132,2
6AHF_28.pdb,-2579.4123,2
6AHF_29.pdb,-2836.1286,1
6AHF_2.pdb,-2290.8273,0
6AHF_30.pdb,-1951.83268,4
6AHF_31.pdb,-2183.6564,6
6AHF_32.pdb,-2484.1119,4
6AHF_33.pdb,-2825.498,1
6AHF_34.pdb,-3123.1468,2
6AHF_35.pdb,-1951.83268,4
6AHF_36.pdb,-2652.1521,2
6AHF_37.pdb,-1951.83268,4
6AHF_38.pdb,-2402.0615,6
6AHF_39.pdb,-2404.4868,3
6AHF_3.pdb,-2331.9378,1
6AHF_40.pdb,-2332.5552,4
6AHF_41.pdb,-2299.6191,0
6AHF_42.pdb,-2686.8469,1
6AHF_43.pdb,-2661.2576,4
6AHF_44.pdb,-2508.5672,3
6AHF_45.pdb,-2619.0599,1
6AHF_46.pdb,-2243.2673,2
6AHF_47.pdb,-2902.1313,3
6AHF_48.pdb,-2398.5499,0
6AHF_49.pdb,-2239.4993,0
6AHF_4.pdb,-2216.9444,2
6AHF_50.pdb,-2479.0887,3
6AHF_5.pdb,-2696.8676,2
6AHF_6.pdb,-1951.83268,4
6AHF_7.pdb,-2331.6197,2
6AHF_8.pdb,-2387.6857,2
6AHF_9.pdb,-2700.7406,3
