structure,HADDOCK-score,Helix,Sheet,Turn,Coil
6AHF_34w.pdb,-1288.2769,39.4864677307,2.49826509368,31.3671061763,26.6481609993
6AHF_47w.pdb,-1254.1999,39.1857506361,2.22068008328,31.7372195235,26.8563497571
6AHF_33w.pdb,-1232.25779,39.2782789729,2.17441591487,31.7603516077,26.7869535045
6AHF_25w.pdb,-1219.16613,39.0006939625,2.24381216748,32.3849178811,26.3705759889
