structure,HADDOCK-score,Helix,Sheet,Turn,Coil
6N7G_23w.pdb,-567.66163,51.6024152346,6.68834184858,21.3655364608,20.3437064561
6N7G_35w.pdb,-562.61939,51.7417556897,6.68834184858,21.0868555504,20.4830469113
6N7G_30w.pdb,-561.00904,51.9739897817,6.68834184858,21.1333023688,20.2043660009
6N7G_50w.pdb,-548.3238,51.6953088713,6.68834184858,21.1333023688,20.4830469113
