structure,HADDOCK-score,Helix,Sheet,Turn,Coil
6N8Z_35w.pdb,-2249.4876,47.8271604938,10.6172839506,23.6790123457,17.8765432099
6N8Z_14w.pdb,-2182.3623,48.0987654321,10.8148148148,23.3086419753,17.7777777778
6N8Z_29w.pdb,-2168.044,47.4320987654,10.5432098765,23.8271604938,18.1975308642
6N8Z_19w.pdb,-2160.76613,47.1604938272,10.4691358025,24.2962962963,18.0740740741
