structure,HADDOCK-score,atomic-clashes
6UBY_10.pdb,-2174.7012,2
6UBY_11.pdb,-2129.2874,1
6UBY_12.pdb,-2469.2058,1
6UBY_13.pdb,-2126.0466,0
6UBY_14.pdb,-2307.97704,0
6UBY_15.pdb,-2351.93434,0
6UBY_16.pdb,-2272.2482,3
6UBY_17.pdb,-2244.33579,2
6UBY_18.pdb,-2226.7989,1
6UBY_19.pdb,-2194.8301,1
6UBY_1.pdb,-2228.3354,0
6UBY_20.pdb,-2269.5585,0
6UBY_21.pdb,-2407.4998,1
6UBY_22.pdb,-2298.0501,1
6UBY_23.pdb,-2131.5418,0
6UBY_24.pdb,-1962.9565,0
6UBY_25.pdb,-2209.89045,0
6UBY_26.pdb,-2096.4981,0
6UBY_27.pdb,-2025.6697,1
6UBY_28.pdb,-2406.6236,1
6UBY_29.pdb,-2236.1433,3
6UBY_2.pdb,-2257.0918,1
6UBY_30.pdb,-2346.3855,1
6UBY_31.pdb,-2276.0938,0
6UBY_32.pdb,-2282.5849,1
6UBY_33.pdb,-2311.9567,1
6UBY_34.pdb,-2313.3994,0
6UBY_35.pdb,-2312.9414,0
6UBY_36.pdb,-2462.41,0
6UBY_37.pdb,-2232.7056,0
6UBY_38.pdb,-2474.3043,3
6UBY_39.pdb,-2186.1342,0
6UBY_3.pdb,-2292.4362,2
6UBY_40.pdb,-2191.0456,1
6UBY_41.pdb,-2316.0795,1
6UBY_42.pdb,-2386.5047,1
6UBY_43.pdb,-1921.8936,0
6UBY_44.pdb,-2141.104,1
6UBY_45.pdb,-2201.9238,1
6UBY_46.pdb,-2398.077,2
6UBY_47.pdb,-2305.1368,0
6UBY_48.pdb,-2370.3837,2
6UBY_49.pdb,-2058.0533,0
6UBY_4.pdb,-2290.9322,0
6UBY_50.pdb,-2141.9671,0
6UBY_5.pdb,-2069.8164,1
6UBY_6.pdb,-2144.3454,1
6UBY_7.pdb,-2046.9894,0
6UBY_8.pdb,-2334.3004,2
6UBY_9.pdb,-2443.5029,1
