structure,HADDOCK-score,Helix,Sheet,Turn,Coil,All
6UBY_34w.pdb,-1444.883202,1168,646,1050,415,3279
6UBY_50w.pdb,-1444.883202,1168,646,1050,415,3279
6UBY_15w.pdb,-1444.883202,1168,646,1050,415,3279
6UBY_36w.pdb,-1444.883202,1168,646,1050,415,3279
