structure,HADDOCK-score,correlation,atomic-clashes
6N7G_35w.pdb,-1204.928499,0.9046,0
6N7G_13w.pdb,-1163.4569,0.9062,0
6N7G_22w.pdb,-1143.793262,0.906,0
6N7G_9w.pdb,-1142.60589,0.9101,1
