structure,HADDOCK-score,correlation,atomic-clashes
6N8Z_3w.pdb,-2549.6511,0.9278,1
6N8Z_37w.pdb,-2545.70768,0.9263,2
6N8Z_23w.pdb,-2541.44697,0.928,0
6N8Z_30w.pdb,-2537.0277,0.9244,1
