structure,HADDOCK-score,Helix,Sheet,Turn,Coil,All
5HNY_43w.pdb,-478.454,503,271,377,177,1328
5HNY_35w.pdb,-469.74881,501,269,369,187,1326
5HNY_50w.pdb,-467.839519,504,269,377,178,1328
5HNY_39w.pdb,-466.888164,494,270,384,183,1331
