structure,HADDOCK-score,Helix,Sheet,Turn,Coil,All
5WCB_28w.pdb,-1191.67732,836,137,602,340,1915
5WCB_50w.pdb,-1170.19281,835,133,617,331,1916
5WCB_20w.pdb,-1150.00486,856,144,554,350,1904
5WCB_10w.pdb,-1143.61659,860,145,577,329,1911
