structure,HADDOCK-score,Helix,Sheet,unordered
6IRF_23w.pdb,-1413.68661,37.6,12.7,49.7
6IRF_5w.pdb,-1412.26506,37.4,12.7,50.0
6IRF_4w.pdb,-1398.57563,37.3,12.6,50.1
6IRF_39w.pdb,-1387.01718,36.9,12.4,50.7
