structure,HADDOCK-score,Helix,Sheet,Turn,Coil,All
3J96_10w.pdb,-3601.93788,2877,1015,1542,791,6225
3J96_41w.pdb,-3554.21141,2899,1016,1502,799,6216
3J96_29w.pdb,-3553.5619,2858,1025,1582,774,6239
3J96_30w.pdb,-3537.2313,2904,1021,1503,791,6219
