structure,ave_pi-score
3J96_10w.pdb,1.39333
3J96_41w.pdb,1.33556
3J96_29w.pdb,1.45556
3J96_30w.pdb,1.35125
