structure,HADDOCK-score,Helix,Sheet,unordered
5HNY_41w.pdb,-459.132584,40.6,17.8,41.6
5HNY_8w.pdb,-441.06695,41.2,17.4,41.4
5HNY_50w.pdb,-438.13476,41.4,17.1,41.4
5HNY_28w.pdb,-428.65513,41.4,17.1,41.5
