structure,HADDOCK-score,Helix,Sheet,Turn,Coil,All
5HNY_41w.pdb,-459.132584,500,249,382,187,1318
5HNY_8w.pdb,-441.06695,504,261,370,183,1318
5HNY_50w.pdb,-438.13476,503,261,371,184,1319
5HNY_28w.pdb,-428.65513,498,257,385,187,1327
