structure,HADDOCK-score,Helix,Sheet,unordered
5WCB_36w.pdb,-1041.1193,44.9,4.0,51.1
5WCB_40w.pdb,-1030.70102,45.1,3.8,51.1
5WCB_17w.pdb,-1023.27565,45.7,4.1,50.2
5WCB_9w.pdb,-1003.91233,45.4,4.4,50.2
