structure,HADDOCK-score,Helix,Sheet,unordered
6ACG_49w.pdb,-1675.60578,26.4,16.0,57.6
6ACG_20w.pdb,-1658.7405,26.2,16.5,57.2
6ACG_2w.pdb,-1630.40242,26.5,16.4,57.1
6ACG_13w.pdb,-1613.62748,26.4,16.7,56.9
