structure,HADDOCK-score,Helix,Sheet,Turn,Coil,All
6AHF_34w.pdb,-1288.2769,1952,115,2123,920,5110
6AHF_47w.pdb,-1254.1999,1953,98,2120,932,5103
6AHF_33w.pdb,-1232.25779,1955,90,2097,954,5096
6AHF_25w.pdb,-1219.16613,1968,112,2083,941,5104
