structure,HADDOCK-score,correlation,atomic-clashes
6C3P_10w.pdb,-2069.7177,0.5347,0
6C3P_11w.pdb,-2157.1587,0.5374,0
6C3P_12w.pdb,-2074.624,0.5364,1
6C3P_13w.pdb,-2217.45824,0.5371,0
6C3P_14w.pdb,-2237.1378,0.5369,0
6C3P_15w.pdb,-2065.1252,0.5353,2
6C3P_16w.pdb,-2124.4754,0.5369,2
6C3P_17w.pdb,-2142.3393,0.5356,1
6C3P_18w.pdb,-2173.3239,0.5422,0
6C3P_19w.pdb,-2138.0746,0.5302,1
6C3P_1w.pdb,-2259.9408,0.5293,0
6C3P_20w.pdb,-2176.3242,0.5345,0
6C3P_21w.pdb,-2026.3139,0.5375,0
6C3P_22w.pdb,-2107.939,0.5409,0
6C3P_23w.pdb,-2229.5477,0.5401,1
6C3P_24w.pdb,-2241.4697,0.534,1
6C3P_25w.pdb,-2185.6958,0.5422,2
6C3P_26w.pdb,-2166.7514,0.5371,0
6C3P_27w.pdb,-2280.1505,0.5345,0
6C3P_28w.pdb,-2150.7409,0.5417,1
6C3P_29w.pdb,-2187.0728,0.5389,1
6C3P_2w.pdb,-2084.2581,0.5339,0
6C3P_30w.pdb,-2208.6735,0.5404,0
6C3P_31w.pdb,-2232.2498,0.5377,0
6C3P_32w.pdb,-2150.8305,0.5284,1
6C3P_33w.pdb,-2217.3332,0.5325,2
6C3P_34w.pdb,-2254.5492,0.5363,2
6C3P_35w.pdb,-2230.2815,0.5376,1
6C3P_36w.pdb,-2038.9288,0.5342,2
6C3P_37w.pdb,-2250.2762,0.5337,2
6C3P_38w.pdb,-2141.8608,0.5401,1
6C3P_39w.pdb,-2233.4205,0.5348,0
6C3P_3w.pdb,-2176.3644,0.5373,0
6C3P_40w.pdb,-2142.3534,0.5388,1
6C3P_41w.pdb,-2116.11695,0.5407,2
6C3P_42w.pdb,-2056.23569,0.5342,1
6C3P_43w.pdb,-2155.5451,0.5439,1
6C3P_44w.pdb,-2163.5967,0.5372,0
6C3P_45w.pdb,-2193.5093,0.5362,0
6C3P_46w.pdb,-2141.47553,0.5401,0
6C3P_47w.pdb,-2192.4859,0.5324,0
6C3P_48w.pdb,-2215.4854,0.5365,1
6C3P_49w.pdb,-2150.9781,0.5375,0
6C3P_4w.pdb,-2073.3137,0.5316,0
6C3P_50w.pdb,-2052.9715,0.5403,1
6C3P_5w.pdb,-2248.6166,0.5356,0
6C3P_6w.pdb,-2306.6384,0.535,1
6C3P_7w.pdb,-2203.1238,0.5372,0
6C3P_8w.pdb,-2054.4104,0.5355,0
6C3P_9w.pdb,-2185.6958,0.5422,2
