structure,HADDOCK-score,Helix,Sheet,unordered
6ENY_49w.pdb,-736.883206,18.9,28.3,52.8
6ENY_47w.pdb,-716.84554,19.3,28.2,52.5
6ENY_36w.pdb,-716.142942,19.0,28.9,52.1
6ENY_20w.pdb,-713.830143,18.9,28.2,52.8
