structure,HADDOCK-score,Helix,Sheet,Turn,Coil,All
6IRF_4w.pdb,-1336.52521,1285,625,997,622,3529
6IRF_5w.pdb,-1318.48558,1252,621,1052,623,3548
6IRF_27w.pdb,-1316.11594,1265,623,1037,613,3538
6IRF_36w.pdb,-1309.13157,1266,618,1021,625,3530
