structure,HADDOCK-score,Helix,Sheet,Turn,Coil,All
6N7G_23w.pdb,-567.66163,1208,180,760,309,2457
6N7G_35w.pdb,-562.61939,1210,177,738,331,2456
6N7G_30w.pdb,-561.00904,1205,178,744,328,2455
6N7G_50w.pdb,-548.3238,1216,164,739,330,2449
