structure,HADDOCK-score,correlation,atomic-clashes
6N7G_10w.pdb,-1040.637166,0.9191,0
6N7G_11w.pdb,-1054.190843,0.9166,0
6N7G_12w.pdb,-1060.99215,0.9142,0
6N7G_13w.pdb,-996.932622,0.9132,0
6N7G_14w.pdb,-1122.659433,0.9159,0
6N7G_15w.pdb,-1040.416297,0.9152,0
6N7G_16w.pdb,-1056.91656,0.914,0
6N7G_17w.pdb,-1052.856534,0.9148,1
6N7G_18w.pdb,-1066.84659,0.9134,0
6N7G_19w.pdb,-997.035138,0.9144,0
6N7G_1w.pdb,-1034.118422,0.9125,0
6N7G_20w.pdb,-1058.323445,0.9167,0
6N7G_21w.pdb,-1066.18762,0.9154,0
6N7G_22w.pdb,-952.412462,0.9136,0
6N7G_23w.pdb,-1130.55875,0.9149,0
6N7G_24w.pdb,-1046.34787,0.9134,0
6N7G_25w.pdb,-1128.911453,0.9158,0
6N7G_26w.pdb,-1101.83749,0.9159,0
6N7G_27w.pdb,-982.9868,0.9166,0
6N7G_28w.pdb,-1043.72582,0.9131,0
6N7G_29w.pdb,-1085.670576,0.9138,0
6N7G_2w.pdb,-1006.75702,0.9156,0
6N7G_30w.pdb,-1043.54576,0.9142,0
6N7G_31w.pdb,-1049.148967,0.9164,0
6N7G_32w.pdb,-1041.99698,0.9161,1
6N7G_33w.pdb,-1047.99952,0.9135,0
6N7G_34w.pdb,-1079.313193,0.9151,0
6N7G_35w.pdb,-1018.288553,0.9139,0
6N7G_36w.pdb,-1019.3811,0.9171,0
6N7G_37w.pdb,-981.56532,0.9123,1
6N7G_38w.pdb,-987.26072,0.9164,0
6N7G_39w.pdb,-1105.737899,0.9143,0
6N7G_3w.pdb,-988.253701,0.9155,1
6N7G_40w.pdb,-1044.2874,0.9139,0
6N7G_41w.pdb,-1021.17131,0.914,0
6N7G_42w.pdb,-1061.64496,0.9158,0
6N7G_43w.pdb,-1128.220846,0.9159,0
6N7G_44w.pdb,-1018.293154,0.9142,0
6N7G_45w.pdb,-1075.219428,0.9158,0
6N7G_46w.pdb,-1040.637166,0.9191,0
6N7G_47w.pdb,-1004.795699,0.9162,0
6N7G_48w.pdb,-1066.07992,0.9144,0
6N7G_49w.pdb,-1163.24793,0.9156,0
6N7G_4w.pdb,-1125.552706,0.9152,0
6N7G_50w.pdb,-1072.74507,0.915,0
6N7G_5w.pdb,-978.263255,0.9161,1
6N7G_6w.pdb,-970.338766,0.9125,0
6N7G_7w.pdb,-1034.48415,0.9156,0
6N7G_8w.pdb,-1029.234632,0.9159,0
6N7G_9w.pdb,-1050.865631,0.9151,0
