structure,HADDOCK-score,correlation,atomic-clashes
6UBY_34w.pdb,-1444.883202,0.9562,3
6UBY_50w.pdb,-1444.883202,0.9562,3
6UBY_15w.pdb,-1444.883202,0.9562,3
6UBY_36w.pdb,-1444.883202,0.9562,3
