structure,HADDOCK-score,Helix,Sheet,Turn,Coil,All
5WCB_23w.pdb,-1032.61377,826,130,603,355,1914
5WCB_17w.pdb,-1016.90201,838,146,585,347,1916
5WCB_20w.pdb,-1014.9414,845,134,555,365,1899
5WCB_2w.pdb,-983.8685,848,144,553,360,1905
