structure,HADDOCK-score,Helix,Sheet,Turn,Coil,All
6ACG_17w.pdb,-1773.60197,1065,980,1442,833,4320
6ACG_50w.pdb,-1769.9109,1067,1008,1444,818,4337
6ACG_6w.pdb,-1759.66289,1054,1013,1464,811,4342
6ACG_46w.pdb,-1754.00196,1060,1012,1435,829,4336
