structure,HADDOCK-score,clashscore,ramaoutliers,rotameroutliers,molprobety-score
6N7G_38w.pdb,-1131.832634,14.45,2.31,14.10,3.15
6N7G_11w.pdb,-1129.20115,13.87,2.24,14.13,3.14
6N7G_41w.pdb,-1128.36887,14.25,2.26,14.45,3.15
6N7G_35w.pdb,-1114.087937,13.63,2.17,14.10,3.13
