structure,HADDOCK-score,clashscore,ramaoutliers,rotameroutliers,molprobety-score
3J96_10w.pdb,-3601.93788,11.33,1.53,12.51,2.94
3J96_41w.pdb,-3554.21141,12.17,1.65,13.77,2.99
3J96_29w.pdb,-3553.5619,11.62,1.66,13.92,2.98
3J96_30w.pdb,-3537.2313,13.00,1.80,14.42,3.06
