structure,HADDOCK-score,correlation,atomic-clashes
5WCB_10w.pdb,-892.06434,0.8992,0
5WCB_11w.pdb,-899.9073,0.8965,0
5WCB_12w.pdb,-942.1973,0.8989,0
5WCB_13w.pdb,-956.4367,0.8973,0
5WCB_14w.pdb,-878.24882,0.8979,0
5WCB_15w.pdb,-866.91107,0.8954,0
5WCB_16w.pdb,-967.92722,0.8979,0
5WCB_17w.pdb,-1023.27565,0.9015,1
5WCB_18w.pdb,-886.88953,0.895,1
5WCB_19w.pdb,-926.9687,0.9004,0
5WCB_1w.pdb,-927.79358,0.8989,0
5WCB_20w.pdb,-877.91689,0.9,0
5WCB_21w.pdb,-905.79948,0.9002,0
5WCB_22w.pdb,-842.3118,0.8958,0
5WCB_23w.pdb,-921.4423,0.8981,1
5WCB_24w.pdb,-912.37628,0.8994,0
5WCB_25w.pdb,-971.80313,0.8999,0
5WCB_26w.pdb,-886.46189,0.8978,0
5WCB_27w.pdb,-969.62944,0.901,0
5WCB_28w.pdb,-815.36709,0.8972,0
5WCB_29w.pdb,-870.4932,0.8958,1
5WCB_2w.pdb,-958.19825,0.8974,0
5WCB_30w.pdb,-986.68076,0.8971,0
5WCB_31w.pdb,-982.1081,0.9003,0
5WCB_32w.pdb,-966.62306,0.9001,0
5WCB_33w.pdb,-967.3776,0.899,0
5WCB_34w.pdb,-856.2616,0.891,0
5WCB_35w.pdb,-869.7415,0.896,0
5WCB_36w.pdb,-1041.1193,0.8968,0
5WCB_37w.pdb,-932.13278,0.8975,0
5WCB_38w.pdb,-947.94794,0.8983,1
5WCB_39w.pdb,-963.99857,0.9006,0
5WCB_3w.pdb,-959.47605,0.8979,1
5WCB_40w.pdb,-1030.70102,0.8977,0
5WCB_41w.pdb,-903.35296,0.8981,0
5WCB_42w.pdb,-821.50728,0.896,0
5WCB_43w.pdb,-872.56596,0.898,1
5WCB_44w.pdb,-950.95969,0.898,0
5WCB_45w.pdb,-986.45918,0.9019,0
5WCB_46w.pdb,-915.55818,0.8974,0
5WCB_47w.pdb,-935.12172,0.9003,0
5WCB_48w.pdb,-962.37996,0.8995,0
5WCB_49w.pdb,-901.1509,0.8974,1
5WCB_4w.pdb,-963.90831,0.9008,1
5WCB_50w.pdb,-969.2019,0.8996,0
5WCB_5w.pdb,-789.8581,0.8938,0
5WCB_6w.pdb,-935.8149,0.8979,0
5WCB_7w.pdb,-862.46182,0.8943,0
5WCB_8w.pdb,-925.1212,0.8974,1
5WCB_9w.pdb,-1003.91233,0.9015,0
