structure,HADDOCK-score,clashscore,ramaoutliers,rotameroutliers,molprobety-score
6UBY_34w.pdb,-1444.883202,12.17,0.85,12.65,2.86
6UBY_50w.pdb,-1444.883202,12.17,0.85,12.65,2.86
6UBY_15w.pdb,-1444.883202,12.17,0.85,12.65,2.86
6UBY_36w.pdb,-1444.883202,12.17,0.85,12.65,2.86
