structure,HADDOCK-score,Helix,Sheet,unordered
6UBY_42w.pdb,-1131.975303,40.5,15.4,44.1
6UBY_38w.pdb,-1111.448561,40.4,15.0,44.6
6UBY_9w.pdb,-1093.703492,40.3,15.4,44.4
6UBY_33w.pdb,-1089.142139,40.8,14.5,44.8
