structure,HADDOCK-score,Helix,Sheet,unordered
3J96_39w.pdb,-3571.29129,48.7,14.2,37.1
3J96_38w.pdb,-3556.8377,48.6,13.9,37.5
3J96_26w.pdb,-3520.83743,48.4,14.0,37.6
3J96_45w.pdb,-3446.14763,48.6,13.8,37.6
