structure,HADDOCK-score,clashscore,ramaoutliers,rotameroutliers,molprobety-score
3J96_39w.pdb,-3571.29129,10.63,1.53,11.82,2.86
3J96_38w.pdb,-3556.8377,11.23,1.44,13.14,2.94
3J96_26w.pdb,-3520.83743,12.06,1.51,12.88,2.97
3J96_45w.pdb,-3446.14763,12.37,1.68,13.94,3.01
