structure,HADDOCK-score,Helix,Sheet,Turn,Coil,All
5GRS_26w.pdb,-2405.625977,630,1036,846,390,2902
5GRS_28w.pdb,-2381.716683,652,1020,779,429,2880
5GRS_25w.pdb,-2343.398033,639,1053,791,415,2898
5GRS_39w.pdb,-2330.115443,629,1040,847,392,2908
