structure,HADDOCK-score,Helix,Sheet,Turn,Coil,All
5WCB_2w.pdb,-1002.1031,842,130,593,351,1916
5WCB_12w.pdb,-977.73007,835,130,608,341,1914
5WCB_1w.pdb,-974.22151,826,130,614,341,1911
5WCB_24w.pdb,-964.85753,846,142,573,341,1902
