structure,HADDOCK-score,Helix,Sheet,Turn,Coil,All
6ACG_10w.pdb,-1656.39184,1059,1009,1448,829,4345
6ACG_35w.pdb,-1630.11227,1081,990,1429,838,4338
6ACG_28w.pdb,-1627.86681,1068,1011,1464,806,4349
6ACG_50w.pdb,-1607.66327,1066,968,1460,829,4323
