structure,HADDOCK-score,clashscore,ramaoutliers,rotameroutliers,molprobety-score
6N7G_39w.pdb,-1131.081653,13.01,2.15,13.22,3.09
6N7G_32w.pdb,-1115.684156,13.19,1.96,13.20,3.09
6N7G_31w.pdb,-1106.610692,12.96,1.91,13.31,3.08
6N7G_13w.pdb,-1103.110855,12.91,2.03,13.03,3.08
