structure,HADDOCK-score,Helix,Sheet,unordered
6ACG_17w.pdb,-1773.60197,26.2,16.1,57.6
6ACG_50w.pdb,-1769.9109,26.1,16.5,57.4
6ACG_6w.pdb,-1759.66289,26.3,16.6,57.0
6ACG_46w.pdb,-1754.00196,26.3,17.0,56.7
