structure,ave_pi-score
3J96_40w.pdb,1.44444
3J96_29w.pdb,1.46333
3J96_27w.pdb,1.35778
3J96_23w.pdb,1.41111
