structure,HADDOCK-score,Helix,Sheet,Turn,Coil,All
3J96_40w.pdb,-3674.93469,2884,1027,1549,769,6229
3J96_29w.pdb,-3668.33538,2907,1025,1504,773,6209
3J96_27w.pdb,-3654.38407,2899,1035,1530,766,6230
3J96_23w.pdb,-3621.9821,2911,1035,1496,776,6218
