structure,HADDOCK-score,clashscore,ramaoutliers,rotameroutliers,molprobety-score
3J96_40w.pdb,-3674.93469,11.65,1.68,13.38,2.97
3J96_29w.pdb,-3668.33538,12.38,1.55,13.48,3.00
3J96_27w.pdb,-3654.38407,11.85,1.70,13.68,2.99
3J96_23w.pdb,-3621.9821,12.10,1.76,13.55,3.00
