structure,HADDOCK-score,Helix,Sheet,Turn,Coil,All
5GRS_15w.pdb,-2337.7482009,629,1027,836,406,2898
5GRS_20w.pdb,-2327.55006441,630,1052,827,397,2906
5GRS_3w.pdb,-2300.9512033,617,1043,833,412,2905
5GRS_30w.pdb,-2298.315,629,1055,812,403,2899
