structure,HADDOCK-score,Helix,Sheet,Turn,Coil,All
5WCB_11w.pdb,-1005.1764,844,136,590,343,1913
5WCB_23w.pdb,-972.2054,839,143,578,338,1898
5WCB_28w.pdb,-970.89645,859,153,549,347,1908
5WCB_39w.pdb,-969.59183,845,146,568,356,1915
