structure,HADDOCK-score,Helix,Sheet,Turn,Coil,All
6N7G_39w.pdb,-1172.36316,2427,374,1489,634,4924
6N7G_1w.pdb,-1128.54087,2420,379,1491,634,4924
6N7G_37w.pdb,-1124.76136,2425,366,1473,649,4913
6N7G_38w.pdb,-1121.81488,2419,390,1484,634,4927
