structure,HADDOCK-score,clashscore,ramaoutliers,rotameroutliers,molprobety-score
6N7G_39w.pdb,-1172.36316,14.19,2.38,13.66,3.13
6N7G_1w.pdb,-1128.54087,13.76,2.12,13.61,3.12
6N7G_37w.pdb,-1124.76136,13.11,2.24,14.10,3.12
6N7G_38w.pdb,-1121.81488,13.52,2.19,14.73,3.14
