structure,HADDOCK-score,Helix,Sheet,Turn,Coil,All
6UBY_36w.pdb,-1167.674378,1162,594,912,375,3043
6UBY_39w.pdb,-1162.246766,1158,595,928,368,3049
6UBY_6w.pdb,-1145.110406,1155,581,939,373,3048
6UBY_42w.pdb,-1144.759405,1160,586,920,383,3049
