structure,HADDOCK-score,clashscore,ramaoutliers,rotameroutliers,molprobety-score
6UC0_31w.pdb,-1363.4426561,12.30,0.29,10.97,2.79
6UC0_17w.pdb,-1361.1584614,12.60,0.44,11.74,2.84
6UC0_49w.pdb,-1357.448667,14.30,0.73,13.71,2.98
6UC0_18w.pdb,-1348.3308378,11.22,0.29,11.14,2.77
